Supplier Name,F TWINDIST - TWIN CITIES DISTRIBUTION,,,,,,,,,,,,,,,,,,,,
Supplier Xref,TWINDIST,,,,,,,,,,,,,,,,,,,,
,,,,,,,,,,,,,,,,,,,,,
Product Code,Item Name,Xref Code,Linked Item Xref Code,Formula #1,Formula #2,Description,Status,Supplier Item Group,Supplier Package UOM,Package Qty,Availability Start Date,Availability End Date,Barcode Type,Barcode Number,Cost Level,Package Cost,Allowance,Start Date,End Date,,
_637910000051,BAWLS GUARANA GINGER 10Z,36013823,36013823,,,,a,601 13A 000,Case,24,,,u,_637910000051,Master,0,0,1900-01-01,2075-12-31,,
_637910000051,,,,,,,,,,,,,,,Franchise,0,0,1900-01-01,2075-12-31,,
_637910000051,,,,,,,,,,,,,,,AA Amys Mini Mart,0,0,2019-04-09,2075-12-31,,
_637910000051,,,,,,,,,,,,,,,CH Hollco Inc,0,0,2019-04-09,2075-12-31,,
_637910000051,,,,,,,,,,,,,,,CS Schulte Enterprises Inc,0,0,2019-04-09,2075-12-31,,
_637910000051,,,,,,,,,,,,,,,DH Hasbrouck of Rosemount Inc,0,0,2019-04-09,2075-12-31,,
_637910000051,,,,,,,,,,,,,,,DM Cambridge Petroleum Inc,0,0,2019-04-09,2075-12-31,,
_637910000051,,,,,,,,,,,,,,,DO Hasty Truck Stop Inc,0,0,2019-04-09,2075-12-31,,
_637910000051,,,,,,,,,,,,,,,DO Olson Convenience Store Inc,0,0,2019-04-09,2075-12-31,,
_637910000051,,,,,,,,,,,,,,,DO Truckers Inn Inc,0,0,2019-04-09,2075-12-31,,
_637910000051,,,,,,,,,,,,,,,DT Supermen LLC,0,0,2019-04-09,2075-12-31,,
_637910000051,,,,,,,,,,,,,,,EH Dana Marathon,0,0,2019-04-09,2075-12-31,,
_637910000051,,,,,,,,,,,,,,,ES Chanhassen Stop LLC (Eliasco),0,0,2019-04-09,2075-12-31,,
_637910000051,,,,,,,,,,,,,,,ES Eliasco Inc,0,0,2019-04-09,2075-12-31,,
_637910000051,,,,,,,,,,,,,,,GH Buy Rite,0,0,2019-04-09,2075-12-31,,
_637910000051,,,,,,,,,,,,,,,HB Local Oil Distributing Inc,0,0,2019-04-09,2075-12-31,,
_637910000051,,,,,,,,,,,,,,,JC Cattoor Oil Inc,0,0,2019-04-09,2075-12-31,,
_637910000051,,,,,,,,,,,,,,,JD River Country Coop,1.35,0,2019-04-09,2075-12-31,,
_637910000051,,,,,,,,,,,,,,,KA E and K,0,0,2019-04-09,2075-12-31,,
_637910000051,,,,,,,,,,,,,,,MG Vets Oil Co,0,0,2019-04-09,2075-12-31,,
_637910000051,,,,,,,,,,,,,,,MK Minnesota Corp Inc,0,0,2019-04-09,2075-12-31,,
_637910000051,,,,,,,,,,,,,,,MK Viking Oil Corp Inc,0,0,2019-04-09,2075-12-31,,
_637910000051,,,,,,,,,,,,,,,MM Federated Coop Inc,0,0,2019-04-09,2075-12-31,,
_637910000051,,,,,,,,,,,,,,,MZ United Petroleum Inc,0,0,2019-04-09,2075-12-31,,
_637910000051,,,,,,,,,,,,,,,NA Cannon Falls Oil,0,0,2019-04-09,2075-12-31,,
_637910000051,,,,,,,,,,,,,,,PW Wenner Companies Inc,0,0,2019-04-09,2075-12-31,,
_637910000051,,,,,,,,,,,,,,,RD Dooleys Petroleum Inc,0,0,2019-04-09,2075-12-31,,
_637910000051,,,,,,,,,,,,,,,RK Kary Smith Inc,0,0,2019-04-09,2075-12-31,,
_637910000051,,,,,,,,,,,,,,,RO Truckers Inn/Stop and Go,0,0,2019-04-09,2075-12-31,,
_637910000051,,,,,,,,,,,,,,,RR Brooklyn Center Service Inc,0,0,2019-04-09,2075-12-31,,
_637910000051,,,,,,,,,,,,,,,SB HK Corporation,0,0,2019-04-09,2075-12-31,,
_637910000051,,,,,,,,,,,,,,,SD Kath Fuel Oil Service Co,0,0,2019-04-09,2075-12-31,,
_637910000051,,,,,,,,,,,,,,,SSK Skoglund Oil Co,0,0,2019-04-09,2075-12-31,,
_637910000051,,,,,,,,,,,,,,,TB Erickson Oil Products,0,0,2019-04-09,2075-12-31,,
_637910000051,,,,,,,,,,,,,,,TD Donner Service Inc,0,0,2019-04-09,2075-12-31,,
_637910000051,,,,,,,,,,,,,,,TH Cardinal Enterprises,0,0,2019-04-09,2075-12-31,,
_637910000051,,,,,,,,,,,,,,,VK Resources LLC,0,0,2019-04-09,2075-12-31,,
_637910000051,,,,,,,,,,,,,,,YA Joes SA,0,0,2019-04-09,2075-12-31,,
_637910729006,BAWLS GUARANA ORIGINAL 10Z,36008824,36008824,,,,a,601 13A 000,Case,24,,,u,_637910729006,Master,0,0,1900-01-01,2075-12-31,,
_637910729006,,,,,,,,,,,,,,,Franchise,0,0,1900-01-01,2075-12-31,,
_637910729006,,,,,,,,,,,,,,,AA Amys Mini Mart,0,0,2019-04-09,2075-12-31,,
_637910729006,,,,,,,,,,,,,,,CH Hollco Inc,0,0,2019-04-09,2075-12-31,,
_637910729006,,,,,,,,,,,,,,,CS Schulte Enterprises Inc,0,0,2019-04-09,2075-12-31,,
_637910729006,,,,,,,,,,,,,,,DH Hasbrouck of Rosemount Inc,0,0,2019-04-09,2075-12-31,,
_637910729006,,,,,,,,,,,,,,,DM Cambridge Petroleum Inc,0,0,2019-04-09,2075-12-31,,
_637910729006,,,,,,,,,,,,,,,DO Hasty Truck Stop Inc,0,0,2019-04-09,2075-12-31,,
_637910729006,,,,,,,,,,,,,,,DO Olson Convenience Store Inc,0,0,2019-04-09,2075-12-31,,
_637910729006,,,,,,,,,,,,,,,DO Truckers Inn Inc,0,0,2019-04-09,2075-12-31,,
_637910729006,,,,,,,,,,,,,,,DT Supermen LLC,0,0,2019-04-09,2075-12-31,,
_637910729006,,,,,,,,,,,,,,,EH Dana Marathon,0,0,2019-04-09,2075-12-31,,
_637910729006,,,,,,,,,,,,,,,ES Chanhassen Stop LLC (Eliasco),0,0,2019-04-09,2075-12-31,,
_637910729006,,,,,,,,,,,,,,,ES Eliasco Inc,0,0,2019-04-09,2075-12-31,,
_637910729006,,,,,,,,,,,,,,,GH Buy Rite,0,0,2019-04-09,2075-12-31,,
_637910729006,,,,,,,,,,,,,,,HB Local Oil Distributing Inc,0,0,2019-04-09,2075-12-31,,
_637910729006,,,,,,,,,,,,,,,JC Cattoor Oil Inc,0,0,2019-04-09,2075-12-31,,
_637910729006,,,,,,,,,,,,,,,JD River Country Coop,1.35,0,2019-04-09,2075-12-31,,
_637910729006,,,,,,,,,,,,,,,KA E and K,0,0,2019-04-09,2075-12-31,,
_637910729006,,,,,,,,,,,,,,,MG Vets Oil Co,0,0,2019-04-09,2075-12-31,,
_637910729006,,,,,,,,,,,,,,,MK Minnesota Corp Inc,0,0,2019-04-09,2075-12-31,,
_637910729006,,,,,,,,,,,,,,,MK Viking Oil Corp Inc,0,0,2019-04-09,2075-12-31,,
_637910729006,,,,,,,,,,,,,,,MM Federated Coop Inc,0,0,2019-04-09,2075-12-31,,
_637910729006,,,,,,,,,,,,,,,MZ United Petroleum Inc,0,0,2019-04-09,2075-12-31,,
_637910729006,,,,,,,,,,,,,,,NA Cannon Falls Oil,0,0,2019-04-09,2075-12-31,,
_637910729006,,,,,,,,,,,,,,,PW Wenner Companies Inc,0,0,2019-04-09,2075-12-31,,
_637910729006,,,,,,,,,,,,,,,RD Dooleys Petroleum Inc,0,0,2019-04-09,2075-12-31,,
_637910729006,,,,,,,,,,,,,,,RK Kary Smith Inc,0,0,2019-04-09,2075-12-31,,
_637910729006,,,,,,,,,,,,,,,RO Truckers Inn/Stop and Go,0,0,2019-04-09,2075-12-31,,
_637910729006,,,,,,,,,,,,,,,RR Brooklyn Center Service Inc,0,0,2019-04-09,2075-12-31,,
_637910729006,,,,,,,,,,,,,,,SB HK Corporation,0,0,2019-04-09,2075-12-31,,
_637910729006,,,,,,,,,,,,,,,SD Kath Fuel Oil Service Co,0,0,2019-04-09,2075-12-31,,
_637910729006,,,,,,,,,,,,,,,SSK Skoglund Oil Co,0,0,2019-04-09,2075-12-31,,
_637910729006,,,,,,,,,,,,,,,TB Erickson Oil Products,0,0,2019-04-09,2075-12-31,,
_637910729006,,,,,,,,,,,,,,,TD Donner Service Inc,0,0,2019-04-09,2075-12-31,,
_637910729006,,,,,,,,,,,,,,,TH Cardinal Enterprises,0,0,2019-04-09,2075-12-31,,
_637910729006,,,,,,,,,,,,,,,VK Resources LLC,0,0,2019-04-09,2075-12-31,,
_637910729006,,,,,,,,,,,,,,,YA Joes SA,0,0,2019-04-09,2075-12-31,,
