Supplier Name,F EILEENS - EILEEN'S CANDIES,,,,,,,,,,,,,,,,,,,,
Supplier Xref,EILEENS,,,,,,,,,,,,,,,,,,,,
,,,,,,,,,,,,,,,,,,,,,
Product Code,Item Name,Xref Code,Linked Item Xref Code,Formula #1,Formula #2,Description,Status,Supplier Item Group,Supplier Package UOM,Package Qty,Availability Start Date,Availability End Date,Barcode Type,Barcode Number,Cost Level,Package Cost,Allowance,Start Date,End Date,,
_100677,EILLIENS JELLY RINGS,36000895,36000895,,,,a,601 02 000,Case,2,,,u,_034952554984,Master,0,0,1900-01-01,2075-12-31,,
_100677,,,,,,,,,,,,,,,Franchise,0,0,1900-01-01,2075-12-31,,
_100677,,,,,,,,,,,,,,,SSK Skoglund Oil Co,10.5,0,2019-04-09,2075-12-31,,
_100685,EILLIENS GUM DROPS 28z,36000886,36000886,,,,a,601 02 000,Case,12,,,u,_034952554977,Master,0,0,1900-01-01,2075-12-31,,
_100685,,,,,,,,,,,,,,,Franchise,0,0,1900-01-01,2075-12-31,,
_100685,,,,,,,,,,,,,,,SSK Skoglund Oil Co,0,0,2019-04-09,2075-12-31,,
_100875,EILLIENS ASSORTED LOLLIES 16z,36000833,36000833,,,,a,601 02 000,Case,2,,,u,_034952555127,Master,0,0,1900-01-01,2075-12-31,,
_100875,,,,,,,,,,,,,,,Franchise,0,0,1900-01-01,2075-12-31,,
_100875,,,,,,,,,,,,,,,SSK Skoglund Oil Co,16.2,0,2019-04-09,2075-12-31,,
_101568,EILLIENS OLD FASH BLK TWIST 10z,36000914,36000914,,,,a,601 02 000,Case,2,,,u,_034952136791,Master,0,0,1900-01-01,2075-12-31,,
_101568,,,,,,,,,,,,,,,Franchise,0,0,1900-01-01,2075-12-31,,
_101568,,,,,,,,,,,,,,,SSK Skoglund Oil Co,6.6,0,2019-04-09,2075-12-31,,
_106443,EILLIENS BLK TWIST 16z,36000842,36000842,,,,a,601 02 000,Case,12,,,u,_034952560640,Master,0,0,1900-01-01,2075-12-31,,
_106443,,,,,,,,,,,,,,,Franchise,0,0,1900-01-01,2075-12-31,,
_106443,,,,,,,,,,,,,,,SSK Skoglund Oil Co,0,0,2019-04-09,2075-12-31,,
_107953,BIT O HONEY 10z,36000687,36000687,,,,a,601 02 120,Case,12,,,u,_034952577051,Master,0,0,1900-01-01,2075-12-31,,
_107953,,,,,,,,,,,,,,,Franchise,0,0,1900-01-01,2075-12-31,,
_107953,,,,,,,,,,,,,,,SSK Skoglund Oil Co,1.5,0,2019-04-09,2075-12-31,,
_108035,EILLIENS SOUR GUMMI CRAWLER 28z,36000933,36000933,,,,a,601 02 000,Case,2,,,u,_034952562231,Master,0,0,1900-01-01,2075-12-31,,
_108035,,,,,,,,,,,,,,,Franchise,0,0,1900-01-01,2075-12-31,,
_108035,,,,,,,,,,,,,,,SSK Skoglund Oil Co,15.36,0,2019-04-09,2075-12-31,,
_118372,CINNAMON GUM DROPS 28z,36000714,36000714,,,,a,601 02 000,Case,2,,,u,_034952570366,Master,0,0,1900-01-01,2075-12-31,,
_118372,,,,,,,,,,,,,,,Franchise,0,0,1900-01-01,2075-12-31,,
_118372,,,,,,,,,,,,,,,SSK Skoglund Oil Co,0.88,0,2019-04-09,2075-12-31,,
_120337,EILLIENS SOUR CHERRRY BALLS 17z,36000931,36000931,,,,a,601 02 000,Case,2,,,u,_034952572414,Master,0,0,1900-01-01,2075-12-31,,
_120337,,,,,,,,,,,,,,,Franchise,0,0,1900-01-01,2075-12-31,,
_120337,,,,,,,,,,,,,,,SSK Skoglund Oil Co,10.5,0,2019-04-09,2075-12-31,,
_123851,EILLIENS GUMMI TARANTULAS 28z,36000890,36000890,,,,a,601 02 000,Case,2,,,u,_034952577464,Master,0,0,1900-01-01,2075-12-31,,
_123851,,,,,,,,,,,,,,,Franchise,0,0,1900-01-01,2075-12-31,,
_123851,,,,,,,,,,,,,,,SSK Skoglund Oil Co,15.6,0,2019-04-09,2075-12-31,,
_126607,EILLIENS GUMMI TWIN CHERRIES 15z,36000823,36000823,,,,a,601 02 000,Case,2,,,u,_034952581492,Master,0,0,1900-01-01,2075-12-31,,
_126607,,,,,,,,,,,,,,,Franchise,0,0,1900-01-01,2075-12-31,,
_126607,,,,,,,,,,,,,,,SSK Skoglund Oil Co,9,0,2019-04-09,2075-12-31,,
_126615,EILLIENS GUMMI AWESOME BLOSSOM 17z,36000817,36000817,,,,a,601 02 000,Case,12,,,u,_034952581508,Master,0,0,1900-01-01,2075-12-31,,
_126615,,,,,,,,,,,,,,,Franchise,0,0,1900-01-01,2075-12-31,,
_126615,,,,,,,,,,,,,,,SSK Skoglund Oil Co,1.65,0,2019-04-09,2075-12-31,,
_126623,EILLIENS GUMMI JET FIGHTERS 17z,36000821,36000821,,,,a,601 02 000,Case,2,,,u,_034952581515,Master,0,0,1900-01-01,2075-12-31,,
_126623,,,,,,,,,,,,,,,Franchise,0,0,1900-01-01,2075-12-31,,
_126623,,,,,,,,,,,,,,,SSK Skoglund Oil Co,9.9,0,2019-04-09,2075-12-31,,
_126631,EILLIENS GUMMI ASSORTED FISH 17z,36000816,36000816,,,,a,601 02 000,Case,2,,,u,_034952581522,Master,0,0,1900-01-01,2075-12-31,,
_126631,,,,,,,,,,,,,,,Franchise,0,0,1900-01-01,2075-12-31,,
_126631,,,,,,,,,,,,,,,SSK Skoglund Oil Co,9.9,0,2019-04-09,2075-12-31,,
_126656,EILLIENS GUMMI APPLE RINGS 15z,36000815,36000815,,,,a,601 02 000,Case,2,,,u,_034952581546,Master,0,0,1900-01-01,2075-12-31,,
_126656,,,,,,,,,,,,,,,Franchise,0,0,1900-01-01,2075-12-31,,
_126656,,,,,,,,,,,,,,,SSK Skoglund Oil Co,9,0,2019-04-09,2075-12-31,,
_126664,EILLIENS GUMMI BL RASP RINGS 15z,36000818,36000818,,,,a,601 02 000,Case,2,,,u,_034952581553,Master,0,0,1900-01-01,2075-12-31,,
_126664,,,,,,,,,,,,,,,Franchise,0,0,1900-01-01,2075-12-31,,
_126664,,,,,,,,,,,,,,,SSK Skoglund Oil Co,9,0,2019-04-09,2075-12-31,,
_126672,EILLIENS GUMMI CHERRY RINGS 15z,36000820,36000820,,,,a,601 02 000,Case,2,,,u,_034952581560,Master,0,0,1900-01-01,2075-12-31,,
_126672,,,,,,,,,,,,,,,Franchise,0,0,1900-01-01,2075-12-31,,
_126672,,,,,,,,,,,,,,,SSK Skoglund Oil Co,9,0,2019-04-09,2075-12-31,,
_126680,EILLIENS GUMMI WATERMELON RGS 15z,36000824,36000824,,,,a,601 02 000,Case,2,,,u,_034952581577,Master,0,0,1900-01-01,2075-12-31,,
_126680,,,,,,,,,,,,,,,Franchise,0,0,1900-01-01,2075-12-31,,
_126680,,,,,,,,,,,,,,,SSK Skoglund Oil Co,9,0,2019-04-09,2075-12-31,,
_128058,SUPER SNACKS CHOC PEANUT CLUSTER,32003407,32003407,,,,a,601 04B 000,Case,12,,,u,_034952585353,Master,0,0,1900-01-01,2075-12-31,,
_128058,,,,,,,,,,,,,,,Franchise,0,0,1900-01-01,2075-12-31,,
_128058,,,,,,,,,,,,,,,SSK Skoglund Oil Co,20.16,0,2019-04-09,2075-12-31,,
_129320,SUPER SNACK MIXED NUTS W/ PEANUTS 8z,36001116,36001116,,,,a,601 02 000,Case,2,,,u,_034952583496,Master,0,0,1900-01-01,2075-12-31,,
_129320,,,,,,,,,,,,,,,Franchise,0,0,1900-01-01,2075-12-31,,
_129320,,,,,,,,,,,,,,,SSK Skoglund Oil Co,11.76,0,2019-04-09,2075-12-31,,
_129338,SUPER SNACK VIRGINIA PEANUTS 9z,36001117,36001117,,,,a,601 02 000,Case,2,,,u,_034952583502,Master,0,0,1900-01-01,2075-12-31,,
_129338,,,,,,,,,,,,,,,Franchise,0,0,1900-01-01,2075-12-31,,
_129338,,,,,,,,,,,,,,,SSK Skoglund Oil Co,7.44,0,2019-04-09,2075-12-31,,
_129346,SUPER SNACK HONEY ROAST PEANUTS 9z,36001115,36001115,,,,a,601 02 000,Case,2,,,u,_034952583519,Master,0,0,1900-01-01,2075-12-31,,
_129346,,,,,,,,,,,,,,,Franchise,0,0,1900-01-01,2075-12-31,,
_129346,,,,,,,,,,,,,,,SSK Skoglund Oil Co,8.34,0,2019-04-09,2075-12-31,,
_129353,SS BUTTER TOFFEE PEANUTS 9Z,36001114,36001114,,,,a,601 02 000,Case,2,,,u,_034952583526,Master,0,0,1900-01-01,2075-12-31,,
_129353,,,,,,,,,,,,,,,Franchise,0,0,1900-01-01,2075-12-31,,
_129353,,,,,,,,,,,,,,,SSK Skoglund Oil Co,10.26,0,2019-04-09,2075-12-31,,
_130088,EILLIENS LICORICE LOVER'S MIX 12z,36000903,36000903,,,,a,601 02 000,Case,2,,,u,_034952583922,Master,0,0,1900-01-01,2075-12-31,,
_130088,,,,,,,,,,,,,,,Franchise,0,0,1900-01-01,2075-12-31,,
_130088,,,,,,,,,,,,,,,SSK Skoglund Oil Co,10.8,0,2019-04-09,2075-12-31,,
_130096,EILLIENS MINI CARAMEL BALLS 12z,36000909,36000909,,,,a,601 02 000,Case,2,,,u,_034952583946,Master,0,0,1900-01-01,2075-12-31,,
_130096,,,,,,,,,,,,,,,Franchise,0,0,1900-01-01,2075-12-31,,
_130096,,,,,,,,,,,,,,,SSK Skoglund Oil Co,12.9,0,2019-04-09,2075-12-31,,
_130104,EILLIENS BLUEBERRY YOGURT PRETZELS,36000843,36000843,,,,a,601 02 000,Case,2,,,u,_034952583953,Master,0,0,1900-01-01,2075-12-31,,
_130104,,,,,,,,,,,,,,,Franchise,0,0,1900-01-01,2075-12-31,,
_130104,,,,,,,,,,,,,,,SSK Skoglund Oil Co,12,0,2019-04-09,2075-12-31,,
_130112,EILLIENS CINNAMON YOGURT PRETZELS,36000870,36000870,,,,a,601 02 000,Case,2,,,u,_034952583960,Master,0,0,1900-01-01,2075-12-31,,
_130112,,,,,,,,,,,,,,,Franchise,0,0,1900-01-01,2075-12-31,,
_130112,,,,,,,,,,,,,,,SSK Skoglund Oil Co,12,0,2019-04-09,2075-12-31,,
_130120,EILLIENS RASP YOGURT PRETZELS,36009681,36009681,,,,a,601 04B 000,Case,2,,,u,_034952583977,Master,0,0,1900-01-01,2075-12-31,,
_130120,,,,,,,,,,,,,,,Franchise,0,0,1900-01-01,2075-12-31,,
_130120,,,,,,,,,,,,,,,SSK Skoglund Oil Co,12,0,2019-04-09,2075-12-31,,
_131102,EILLIENS ASST JELLY BEANS 17z,36000834,36000834,,,,a,601 02 000,Case,2,,,u,_034952584578,Master,0,0,1900-01-01,2075-12-31,,
_131102,,,,,,,,,,,,,,,Franchise,0,0,1900-01-01,2075-12-31,,
_131102,,,,,,,,,,,,,,,SSK Skoglund Oil Co,9.3,0,2019-04-09,2075-12-31,,
_131847,SUPER SNACKS SALT WATER TAFFY WATERMLN,32003404,32003404,,,,a,601 02 000,Case,12,,,u,_034952585322,Master,0,0,1900-01-01,2075-12-31,,
_131847,,,,,,,,,,,,,,,Franchise,0,0,1900-01-01,2075-12-31,,
_131847,,,,,,,,,,,,,,,SSK Skoglund Oil Co,21.12,0,2019-04-09,2075-12-31,,
_133397,EILLIENS DARK CHOC STARS,1101803,1101803,,,,a,601 02 000,Case,2,,,u,_034952586060,Master,0,0,1900-01-01,2075-12-31,,
_133397,,,,,,,,,,,,,,,Franchise,0,0,1900-01-01,2075-12-31,,
_133397,,,,,,,,,,,,,,,SSK Skoglund Oil Co,12.6,0,2019-04-09,2075-12-31,,
_19023,EIL BRIDGE MIX,36000731,36000731,,,,a,601 02 000,Case,12,,,u,_034952561982,Master,0,0,1900-01-01,2075-12-31,,
_19023,,,,,,,,,,,,,,,Franchise,0,0,1900-01-01,2075-12-31,,
_19023,,,,,,,,,,,,,,,SSK Skoglund Oil Co,3.35,0,2019-04-09,2075-12-31,,
_19024,EIL VIRGINIA PE,36000803,36000803,,,,a,601 02 000,Case,2,,,u,_034952001068,Master,0,0,1900-01-01,2075-12-31,,
_19024,,,,,,,,,,,,,,,Franchise,0,0,1900-01-01,2075-12-31,,
_19024,,,,,,,,,,,,,,,SSK Skoglund Oil Co,11.7,0,2019-04-09,2075-12-31,,
_19025,EIL CHOCOLATE PEANUTS 12z,36000748,36000748,,,,a,601 02 000,Case,2,,,u,_034952562019,Master,0,0,1900-01-01,2075-12-31,,
_19025,,,,,,,,,,,,,,,Franchise,0,0,1900-01-01,2075-12-31,,
_19025,,,,,,,,,,,,,,,SSK Skoglund Oil Co,11.7,0,2019-04-09,2075-12-31,,
_19026,EIL MIXED NUTS,36000787,36000787,,,,a,601 02 000,Case,2,,,u,_034952563900,Master,0,0,1900-01-01,2075-12-31,,
_19026,,,,,,,,,,,,,,,Franchise,0,0,1900-01-01,2075-12-31,,
_19026,,,,,,,,,,,,,,,SSK Skoglund Oil Co,24.9,0,2019-04-09,2075-12-31,,
_19027,EIL SOUR GUMMI,36000798,36000798,,,,a,601 02 000,Case,2,,,u,_034952558678,Master,0,0,1900-01-01,2075-12-31,,
_19027,,,,,,,,,,,,,,,Franchise,0,0,1900-01-01,2075-12-31,,
_19027,,,,,,,,,,,,,,,SSK Skoglund Oil Co,0.83,0,2019-04-09,2075-12-31,,
_19028,EIL COUNTRY MIX,36000754,36000754,,,,a,601 02 000,Case,2,,,u,_034952555752,Master,0,0,1900-01-01,2075-12-31,,
_19028,,,,,,,,,,,,,,,Franchise,0,0,1900-01-01,2075-12-31,,
_19028,,,,,,,,,,,,,,,SSK Skoglund Oil Co,0.98,0,2019-04-09,2075-12-31,,
_19029,EIL SALT WATER,36000795,36000795,,,,a,601 02 000,Case,2,,,u,_034952554809,Master,0,0,1900-01-01,2075-12-31,,
_19029,,,,,,,,,,,,,,,Franchise,0,0,1900-01-01,2075-12-31,,
_19029,,,,,,,,,,,,,,,SSK Skoglund Oil Co,0.85,0,2019-04-09,2075-12-31,,
_19030,WHOLE CASHEWS,36001166,36001166,,,,a,601 02 000,Case,2,,,u,_034952563894,Master,0,0,1900-01-01,2075-12-31,,
_19030,,,,,,,,,,,,,,,Franchise,0,0,1900-01-01,2075-12-31,,
_19030,,,,,,,,,,,,,,,SSK Skoglund Oil Co,2.08,0,2019-04-09,2075-12-31,,
_19031,EIL CALIFORNIA,36000734,36000734,,,,a,601 02 000,Case,2,,,u,_034952561814,Master,0,0,1900-01-01,2075-12-31,,
_19031,,,,,,,,,,,,,,,Franchise,0,0,1900-01-01,2075-12-31,,
_19031,,,,,,,,,,,,,,,SSK Skoglund Oil Co,1.75,0,2019-04-09,2075-12-31,,
_19032,EIL SPICE DROPS,36000801,36000801,,,,a,601 02 000,Case,2,,,u,_034952554946,Master,0,0,1900-01-01,2075-12-31,,
_19032,,,,,,,,,,,,,,,Franchise,0,0,1900-01-01,2075-12-31,,
_19032,,,,,,,,,,,,,,,SSK Skoglund Oil Co,0.88,0,2019-04-09,2075-12-31,,
_19033,EIL OLD FASHION TW,36000790,36000790,,,,a,601 02 000,Case,2,,,u,_034952554601,Master,0,0,1900-01-01,2075-12-31,,
_19033,,,,,,,,,,,,,,,Franchise,0,0,1900-01-01,2075-12-31,,
_19033,,,,,,,,,,,,,,,SSK Skoglund Oil Co,0.85,0,2019-04-09,2075-12-31,,
_19034,EIL GUMMI WORMS,36000774,36000774,,,,a,601 02 000,Case,2,,,u,_034952558654,Master,0,0,1900-01-01,2075-12-31,,
_19034,,,,,,,,,,,,,,,Franchise,0,0,1900-01-01,2075-12-31,,
_19034,,,,,,,,,,,,,,,SSK Skoglund Oil Co,0.8,0,2019-04-09,2075-12-31,,
_19035,EIL CHOCOLATE RAISINS 12z,36000750,36000750,,,,a,601 02 000,Case,2,,,u,_034952562057,Master,0,0,1900-01-01,2075-12-31,,
_19035,,,,,,,,,,,,,,,Franchise,0,0,1900-01-01,2075-12-31,,
_19035,,,,,,,,,,,,,,,SSK Skoglund Oil Co,12.3,0,2019-04-09,2075-12-31,,
_19036,EIL GUMMI BEARS,36000768,36000768,,,,a,601 02 000,Case,2,,,u,_034952558661,Master,0,0,1900-01-01,2075-12-31,,
_19036,,,,,,,,,,,,,,,Franchise,0,0,1900-01-01,2075-12-31,,
_19036,,,,,,,,,,,,,,,SSK Skoglund Oil Co,0.8,0,2019-04-09,2075-12-31,,
_19076,EILLIENS CINN GR,36000814,36000814,,,,a,601 02 000,Case,2,,,u,_034952566475,Master,0,0,1900-01-01,2075-12-31,,
_19076,,,,,,,,,,,,,,,Franchise,0,0,1900-01-01,2075-12-31,,
_19076,,,,,,,,,,,,,,,SSK Skoglund Oil Co,1.53,0,2019-04-09,2075-12-31,,
_19077,EILLIENS CHEWY C,36000813,36000813,,,,a,601 02 000,Case,2,,,u,_034952559798,Master,0,0,1900-01-01,2075-12-31,,
_19077,,,,,,,,,,,,,,,Franchise,0,0,1900-01-01,2075-12-31,,
_19077,,,,,,,,,,,,,,,SSK Skoglund Oil Co,0.8,0,2019-04-09,2075-12-31,,
_19078,EIL CARAMEL CLUSTERS 12z,36000741,36000741,,,,a,601 02 000,Case,2,,,u,_034952562002,Master,0,0,1900-01-01,2075-12-31,,
_19078,,,,,,,,,,,,,,,Franchise,0,0,1900-01-01,2075-12-31,,
_19078,,,,,,,,,,,,,,,SSK Skoglund Oil Co,12.3,0,2019-04-09,2075-12-31,,
_19080,EILLIENS TOOTSIE,36000827,36000827,,,,a,601 02 000,Case,2,,,u,_034952559873,Master,0,0,1900-01-01,2075-12-31,,
_19080,,,,,,,,,,,,,,,Franchise,0,0,1900-01-01,2075-12-31,,
_19080,,,,,,,,,,,,,,,SSK Skoglund Oil Co,0.75,0,2019-04-09,2075-12-31,,
_19081,EILLIENS GUMMI P,36000822,36000822,,,,a,601 02 000,Case,2,,,u,_034952560398,Master,0,0,1900-01-01,2075-12-31,,
_19081,,,,,,,,,,,,,,,Franchise,0,0,1900-01-01,2075-12-31,,
_19081,,,,,,,,,,,,,,,SSK Skoglund Oil Co,0.75,0,2019-04-09,2075-12-31,,
_19082,EILLIENS ORANGE,36000826,36000826,,,,a,601 02 000,Case,2,,,u,_034952554953,Master,0,0,1900-01-01,2075-12-31,,
_19082,,,,,,,,,,,,,,,Franchise,0,0,1900-01-01,2075-12-31,,
_19082,,,,,,,,,,,,,,,SSK Skoglund Oil Co,0.88,0,2019-04-09,2075-12-31,,
_19083,EILLIENS IN SHELL,36000825,36000825,,,,a,601 02 000,Case,2,,,u,_034952556742,Master,0,0,1900-01-01,2075-12-31,,
_19083,,,,,,,,,,,,,,,Franchise,0,0,1900-01-01,2075-12-31,,
_19083,,,,,,,,,,,,,,,SSK Skoglund Oil Co,0.79,0,2019-04-09,2075-12-31,,
_19181,EILLIENS LOLLIE,36000904,36000904,,,,a,601 02 000,Case,2,,,u,_034952559965,Master,0,0,1900-01-01,2075-12-31,,
_19181,,,,,,,,,,,,,,,Franchise,0,0,1900-01-01,2075-12-31,,
_19181,,,,,,,,,,,,,,,SSK Skoglund Oil Co,0.83,0,2019-04-09,2075-12-31,,
_19182,EILLIENS CHOCOLATE,36000859,36000859,,,,a,601 02 000,Case,2,,,u,_034952562422,Master,0,0,1900-01-01,2075-12-31,,
_19182,,,,,,,,,,,,,,,Franchise,0,0,1900-01-01,2075-12-31,,
_19182,,,,,,,,,,,,,,,SSK Skoglund Oil Co,9,0,2019-04-09,2075-12-31,,
_19183,EILLIENS CIRCUS,36000871,36000871,,,,a,601 02 000,Case,2,,,u,_034952554700,Master,0,0,1900-01-01,2075-12-31,,
_19183,,,,,,,,,,,,,,,Franchise,0,0,1900-01-01,2075-12-31,,
_19183,,,,,,,,,,,,,,,SSK Skoglund Oil Co,0.8,0,2019-04-09,2075-12-31,,
_19282,EILLIENS DINNE,36000877,36000877,,,,a,601 02 000,Case,2,,,u,_034952562248,Master,0,0,1900-01-01,2075-12-31,,
_19282,,,,,,,,,,,,,,,Franchise,0,0,1900-01-01,2075-12-31,,
_19282,,,,,,,,,,,,,,,SSK Skoglund Oil Co,0.83,0,2019-04-09,2075-12-31,,
_19283,EILLIENS GUMMI,36000887,36000887,,,,a,601 02 000,Case,2,,,u,_034952575910,Master,0,0,1900-01-01,2075-12-31,,
_19283,,,,,,,,,,,,,,,Franchise,0,0,1900-01-01,2075-12-31,,
_19283,,,,,,,,,,,,,,,SSK Skoglund Oil Co,0.83,0,2019-04-09,2075-12-31,,
_19284,EILLIENS GUMMI BUTTE,36000819,36000819,,,,a,601 02 000,Case,2,,,u,_034952575903,Master,0,0,1900-01-01,2075-12-31,,
_19284,,,,,,,,,,,,,,,Franchise,0,0,1900-01-01,2075-12-31,,
_19284,,,,,,,,,,,,,,,SSK Skoglund Oil Co,9.9,0,2019-04-09,2075-12-31,,
_19286,EIL GUMMI RASPBERRY,36000773,36000773,,,,a,601 02 000,Case,2,,,u,_034952558685,Master,0,0,1900-01-01,2075-12-31,,
_19286,,,,,,,,,,,,,,,Franchise,0,0,1900-01-01,2075-12-31,,
_19286,,,,,,,,,,,,,,,SSK Skoglund Oil Co,9.9,0,2019-04-09,2075-12-31,,
_19410,EILLIENS SESAM,36000928,36000928,,,,a,601 02 000,Case,2,,,u,_034952563757,Master,0,0,1900-01-01,2075-12-31,,
_19410,,,,,,,,,,,,,,,Franchise,0,0,1900-01-01,2075-12-31,,
_19410,,,,,,,,,,,,,,,SSK Skoglund Oil Co,0.98,0,2019-04-09,2075-12-31,,
_19479,EILLIENS TOOTS,36000944,36000944,,,,a,601 02 000,Case,2,,,u,_034952559866,Master,0,0,1900-01-01,2075-12-31,,
_19479,,,,,,,,,,,,,,,Franchise,0,0,1900-01-01,2075-12-31,,
_19479,,,,,,,,,,,,,,,SSK Skoglund Oil Co,0.75,0,2019-04-09,2075-12-31,,
_19658,EILLIENS FROST,36000883,36000883,,,,a,601 02 000,Case,2,,,u,_034952575927,Master,0,0,1900-01-01,2075-12-31,,
_19658,,,,,,,,,,,,,,,Franchise,0,0,1900-01-01,2075-12-31,,
_19658,,,,,,,,,,,,,,,SSK Skoglund Oil Co,12.48,0,2019-04-09,2075-12-31,,
_19749,EILLIENS JELLY,36000892,36000892,,,,a,601 02 000,Case,2,,,u,_034952576252,Master,0,0,1900-01-01,2075-12-31,,
_19749,,,,,,,,,,,,,,,Franchise,0,0,1900-01-01,2075-12-31,,
_19749,,,,,,,,,,,,,,,SSK Skoglund Oil Co,0.75,0,2019-04-09,2075-12-31,,
_19750,EILLIENS BIRD E,36000837,36000837,,,,a,601 02 000,Case,2,,,u,_034952555455,Master,0,0,1900-01-01,2075-12-31,,
_19750,,,,,,,,,,,,,,,Franchise,0,0,1900-01-01,2075-12-31,,
_19750,,,,,,,,,,,,,,,SSK Skoglund Oil Co,0.75,0,2019-04-09,2075-12-31,,
_19751,EILLIENS JU JU,36000896,36000896,,,,a,601 02 000,Case,2,,,u,_034952576276,Master,0,0,1900-01-01,2075-12-31,,
_19751,,,,,,,,,,,,,,,Franchise,0,0,1900-01-01,2075-12-31,,
_19751,,,,,,,,,,,,,,,SSK Skoglund Oil Co,0.75,0,2019-04-09,2075-12-31,,
_19752,EILLIENS JUMBO,36000899,36000899,,,,a,601 02 000,Case,2,,,u,_034952555424,Master,0,0,1900-01-01,2075-12-31,,
_19752,,,,,,,,,,,,,,,Franchise,0,0,1900-01-01,2075-12-31,,
_19752,,,,,,,,,,,,,,,SSK Skoglund Oil Co,0.75,0,2019-04-09,2075-12-31,,
_19753,EILLIENS BIRD E,36000836,36000836,,,,a,601 02 000,Case,2,,,u,_034952555448,Master,0,0,1900-01-01,2075-12-31,,
_19753,,,,,,,,,,,,,,,Franchise,0,0,1900-01-01,2075-12-31,,
_19753,,,,,,,,,,,,,,,SSK Skoglund Oil Co,0.75,0,2019-04-09,2075-12-31,,
_19754,EILLIENS SPECKL,36000937,36000937,,,,a,601 02 000,Case,2,,,u,_034952558135,Master,0,0,1900-01-01,2075-12-31,,
_19754,,,,,,,,,,,,,,,Franchise,0,0,1900-01-01,2075-12-31,,
_19754,,,,,,,,,,,,,,,SSK Skoglund Oil Co,0.75,0,2019-04-09,2075-12-31,,
_19755,EILLIENS CRISP,36000874,36000874,,,,a,601 02 000,Case,2,,,u,_034952563160,Master,0,0,1900-01-01,2075-12-31,,
_19755,,,,,,,,,,,,,,,Franchise,0,0,1900-01-01,2075-12-31,,
_19755,,,,,,,,,,,,,,,SSK Skoglund Oil Co,0.75,0,2019-04-09,2075-12-31,,
_19756,EILLIENS EASTER,36000880,36000880,,,,a,601 02 000,Case,12,,,u,_034952561531,Master,0,0,1900-01-01,2075-12-31,,
_19756,,,,,,,,,,,,,,,Franchise,0,0,1900-01-01,2075-12-31,,
_19756,,,,,,,,,,,,,,,SSK Skoglund Oil Co,0.14,0,2019-04-09,2075-12-31,,
_19757,EILLIENS CANDY,36000851,36000851,,,,a,601 02 000,Case,2,,,u,_034952560558,Master,0,0,1900-01-01,2075-12-31,,
_19757,,,,,,,,,,,,,,,Franchise,0,0,1900-01-01,2075-12-31,,
_19757,,,,,,,,,,,,,,,SSK Skoglund Oil Co,0.75,0,2019-04-09,2075-12-31,,
_19758,EILLIENS MARSHM,36000907,36000907,,,,a,601 02 000,Case,2,,,u,_034952576283,Master,0,0,1900-01-01,2075-12-31,,
_19758,,,,,,,,,,,,,,,Franchise,0,0,1900-01-01,2075-12-31,,
_19758,,,,,,,,,,,,,,,SSK Skoglund Oil Co,0.75,0,2019-04-09,2075-12-31,,
_19759,EILLIENS MALTIE,36000905,36000905,,,,a,601 02 000,Case,2,,,u,_034952555400,Master,0,0,1900-01-01,2075-12-31,,
_19759,,,,,,,,,,,,,,,Franchise,0,0,1900-01-01,2075-12-31,,
_19759,,,,,,,,,,,,,,,SSK Skoglund Oil Co,0.75,0,2019-04-09,2075-12-31,,
_19966,EILLIENS BLACK,36000838,36000838,,,,a,601 02 000,Case,2,,,u,_034952557992,Master,0,0,1900-01-01,2075-12-31,,
_19966,,,,,,,,,,,,,,,Franchise,0,0,1900-01-01,2075-12-31,,
_19966,,,,,,,,,,,,,,,SSK Skoglund Oil Co,0.75,0,2019-04-09,2075-12-31,,
_19967,EILLIENS SOLID,36000930,36000930,,,,a,601 02 000,Case,2,,,u,_034952563153,Master,0,0,1900-01-01,2075-12-31,,
_19967,,,,,,,,,,,,,,,Franchise,0,0,1900-01-01,2075-12-31,,
_19967,,,,,,,,,,,,,,,SSK Skoglund Oil Co,0.75,0,2019-04-09,2075-12-31,,
_19968,EILLIENS SPECKL,36000938,36000938,,,,a,601 02 000,Case,2,,,u,_034952570274,Master,0,0,1900-01-01,2075-12-31,,
_19968,,,,,,,,,,,,,,,Franchise,0,0,1900-01-01,2075-12-31,,
_19968,,,,,,,,,,,,,,,SSK Skoglund Oil Co,0.75,0,2019-04-09,2075-12-31,,
_19983,EILLIENS TOOTSI,36000945,36000945,,,,a,601 02 000,Case,2,,,u,_034952577044,Master,0,0,1900-01-01,2075-12-31,,
_19983,,,,,,,,,,,,,,,Franchise,0,0,1900-01-01,2075-12-31,,
_19983,,,,,,,,,,,,,,,SSK Skoglund Oil Co,9,0,2019-04-09,2075-12-31,,
_20099,EILLIENS FRUIT,36000884,36000884,,,,a,601 02 000,Case,2,,,u,_034952556049,Master,0,0,1900-01-01,2075-12-31,,
_20099,,,,,,,,,,,,,,,Franchise,0,0,1900-01-01,2075-12-31,,
_20099,,,,,,,,,,,,,,,SSK Skoglund Oil Co,0.88,0,2019-04-09,2075-12-31,,
_20100,EIL MALTED MILK BALLS 12z,36000785,36000785,,,,a,601 02 000,Case,2,,,u,_034952562033,Master,0,0,1900-01-01,2075-12-31,,
_20100,,,,,,,,,,,,,,,Franchise,0,0,1900-01-01,2075-12-31,,
_20100,,,,,,,,,,,,,,,SSK Skoglund Oil Co,12.3,0,2019-04-09,2075-12-31,,
_20101,EILLIENS TROPICAL MIX 22z,36000946,36000946,,,,a,601 02 000,Case,2,,,u,_034952562606,Master,0,0,1900-01-01,2075-12-31,,
_20101,,,,,,,,,,,,,,,Franchise,0,0,1900-01-01,2075-12-31,,
_20101,,,,,,,,,,,,,,,SSK Skoglund Oil Co,21,0,2019-04-09,2075-12-31,,
_20102,EILLIENS CARAME,36000852,36000852,,,,a,601 02 000,Case,2,,,u,_034952576108,Master,0,0,1900-01-01,2075-12-31,,
_20102,,,,,,,,,,,,,,,Franchise,0,0,1900-01-01,2075-12-31,,
_20102,,,,,,,,,,,,,,,SSK Skoglund Oil Co,10.68,0,2019-04-09,2075-12-31,,
_20103,EILLIENS ASSORT,36000831,36000831,,,,a,601 02 000,Case,2,,,u,_034952558418,Master,0,0,1900-01-01,2075-12-31,,
_20103,,,,,,,,,,,,,,,Franchise,0,0,1900-01-01,2075-12-31,,
_20103,,,,,,,,,,,,,,,SSK Skoglund Oil Co,0.85,0,2019-04-09,2075-12-31,,
_20104,EILLIENS JUMBO RAISINS,36009677,36009677,,,,a,601 04B 000,Case,2,,,u,_034952574890,Master,0,0,1900-01-01,2075-12-31,,
_20104,,,,,,,,,,,,,,,Franchise,0,0,1900-01-01,2075-12-31,,
_20104,,,,,,,,,,,,,,,SSK Skoglund Oil Co,11.25,0,2019-04-09,2075-12-31,,
_202903,EIL R&S ALMONDS,36000794,36000794,,,,a,601 02 000,Case,2,,,u,_034952565485,Master,0,0,1900-01-01,2075-12-31,,
_202903,,,,,,,,,,,,,,,Franchise,0,0,1900-01-01,2075-12-31,,
_202903,,,,,,,,,,,,,,,SSK Skoglund Oil Co,1.48,0,2019-04-09,2075-12-31,,
_20341,EILIIENS TOOTSI,36000810,36000810,,,,a,601 02 000,Case,2,,,u,_034952577037,Master,0,0,1900-01-01,2075-12-31,,
_20341,,,,,,,,,,,,,,,Franchise,0,0,1900-01-01,2075-12-31,,
_20341,,,,,,,,,,,,,,,SSK Skoglund Oil Co,9,0,2019-04-09,2075-12-31,,
_20510,EILLIENS PEANU,36000919,36000919,,,,a,601 02 000,Case,2,,,u,_034952561999,Master,0,0,1900-01-01,2075-12-31,,
_20510,,,,,,,,,,,,,,,Franchise,0,0,1900-01-01,2075-12-31,,
_20510,,,,,,,,,,,,,,,SSK Skoglund Oil Co,1.03,0,2019-04-09,2075-12-31,,
_20569,EIL CHEWY CARAMEL MIX 11z,36000744,36000744,,,,a,601 02 000,Case,2,,,u,_034952577068,Master,0,0,1900-01-01,2075-12-31,,
_20569,,,,,,,,,,,,,,,Franchise,0,0,1900-01-01,2075-12-31,,
_20569,,,,,,,,,,,,,,,SSK Skoglund Oil Co,9.6,0,2019-04-09,2075-12-31,,
_20666,EILLIENS BANANA,36000835,36000835,,,,a,601 02 000,Case,2,,,u,_034952555776,Master,0,0,1900-01-01,2075-12-31,,
_20666,,,,,,,,,,,,,,,Franchise,0,0,1900-01-01,2075-12-31,,
_20666,,,,,,,,,,,,,,,SSK Skoglund Oil Co,11.88,0,2019-04-09,2075-12-31,,
_208823,SUPER SNACK BIT O HONEY,36001124,36001124,,,,a,601 02 000,Case,2,,,u,_034951443906,Master,0,0,1900-01-01,2075-12-31,,
_208823,,,,,,,,,,,,,,,Franchise,0,0,1900-01-01,2075-12-31,,
_208823,,,,,,,,,,,,,,,SSK Skoglund Oil Co,3.65,0,2019-04-09,2075-12-31,,
_20883,EILLIENS LAFFY,36000901,36000901,,,,a,601 02 000,Case,2,,,u,_034952559910,Master,0,0,1900-01-01,2075-12-31,,
_20883,,,,,,,,,,,,,,,Franchise,0,0,1900-01-01,2075-12-31,,
_20883,,,,,,,,,,,,,,,SSK Skoglund Oil Co,0.75,0,2019-04-09,2075-12-31,,
_21040,EIL BUTTERCREAM,36000733,36000733,,,,a,601 02 000,Case,2,,,u,_034952577099,Master,0,0,1900-01-01,2075-12-31,,
_21040,,,,,,,,,,,,,,,Franchise,0,0,1900-01-01,2075-12-31,,
_21040,,,,,,,,,,,,,,,SSK Skoglund Oil Co,0.75,0,2019-04-09,2075-12-31,,
_21041,EIL PEANUT BUTT,36000792,36000792,,,,a,601 02 000,Case,2,,,u,_034952577082,Master,0,0,1900-01-01,2075-12-31,,
_21041,,,,,,,,,,,,,,,Franchise,0,0,1900-01-01,2075-12-31,,
_21041,,,,,,,,,,,,,,,SSK Skoglund Oil Co,0.88,0,2019-04-09,2075-12-31,,
_21042,EIL CARAMEL CRÈME,36000743,36000743,,,,a,601 02 000,Case,2,,,u,_034952561630,Master,0,0,1900-01-01,2075-12-31,,
_21042,,,,,,,,,,,,,,,Franchise,0,0,1900-01-01,2075-12-31,,
_21042,,,,,,,,,,,,,,,SSK Skoglund Oil Co,0.8,0,2019-04-09,2075-12-31,,
_21043,EIL JELLY PUMPKIN,36000779,36000779,,,,a,601 02 000,Case,2,,,u,_034952577174,Master,0,0,1900-01-01,2075-12-31,,
_21043,,,,,,,,,,,,,,,Franchise,0,0,1900-01-01,2075-12-31,,
_21043,,,,,,,,,,,,,,,SSK Skoglund Oil Co,0.75,0,2019-04-09,2075-12-31,,
_21044,EIL AUTUMN MIX,36000728,36000728,,,,a,601 02 000,Case,2,,,u,_034952577136,Master,0,0,1900-01-01,2075-12-31,,
_21044,,,,,,,,,,,,,,,Franchise,0,0,1900-01-01,2075-12-31,,
_21044,,,,,,,,,,,,,,,SSK Skoglund Oil Co,0.75,0,2019-04-09,2075-12-31,,
_21045,EIL HARVEST MIX,36000778,36000778,,,,a,601 02 000,Case,2,,,u,_034952577105,Master,0,0,1900-01-01,2075-12-31,,
_21045,,,,,,,,,,,,,,,Franchise,0,0,1900-01-01,2075-12-31,,
_21045,,,,,,,,,,,,,,,SSK Skoglund Oil Co,0.75,0,2019-04-09,2075-12-31,,
_21046,EIL CARAMEL APPLE,36000739,36000739,,,,a,601 02 000,Case,2,,,u,_034952567922,Master,0,0,1900-01-01,2075-12-31,,
_21046,,,,,,,,,,,,,,,Franchise,0,0,1900-01-01,2075-12-31,,
_21046,,,,,,,,,,,,,,,SSK Skoglund Oil Co,0.75,0,2019-04-09,2075-12-31,,
_21047,EIL GUMMI PUMPKIN,36000772,36000772,,,,a,601 02 000,Case,2,,,u,_034952566406,Master,0,0,1900-01-01,2075-12-31,,
_21047,,,,,,,,,,,,,,,Franchise,0,0,1900-01-01,2075-12-31,,
_21047,,,,,,,,,,,,,,,SSK Skoglund Oil Co,0.8,0,2019-04-09,2075-12-31,,
_21048,EIL JU JU CORN,36000780,36000780,,,,a,601 02 000,Case,2,,,u,_034952577372,Master,0,0,1900-01-01,2075-12-31,,
_21048,,,,,,,,,,,,,,,Franchise,0,0,1900-01-01,2075-12-31,,
_21048,,,,,,,,,,,,,,,SSK Skoglund Oil Co,0.75,0,2019-04-09,2075-12-31,,
_21049,EIL CARAMEL CORN,36000742,36000742,,,,a,601 02 000,Case,2,,,u,_034952577150,Master,0,0,1900-01-01,2075-12-31,,
_21049,,,,,,,,,,,,,,,Franchise,0,0,1900-01-01,2075-12-31,,
_21049,,,,,,,,,,,,,,,SSK Skoglund Oil Co,0.8,0,2019-04-09,2075-12-31,,
_21051,EIL MIXED CANDY,36000786,36000786,,,,a,601 02 000,Case,2,,,u,_034952577167,Master,0,0,1900-01-01,2075-12-31,,
_21051,,,,,,,,,,,,,,,Franchise,0,0,1900-01-01,2075-12-31,,
_21051,,,,,,,,,,,,,,,SSK Skoglund Oil Co,0.8,0,2019-04-09,2075-12-31,,
_21052,EIL CARAMEL APPLE,36000740,36000740,,,,a,601 02 000,Case,2,,,u,_034952577143,Master,0,0,1900-01-01,2075-12-31,,
_21052,,,,,,,,,,,,,,,Franchise,0,0,1900-01-01,2075-12-31,,
_21052,,,,,,,,,,,,,,,SSK Skoglund Oil Co,0.8,0,2019-04-09,2075-12-31,,
_21053,EIL CANDY CORN,36000737,36000737,,,,a,601 02 000,Case,2,,,u,_034952577129,Master,0,0,1900-01-01,2075-12-31,,
_21053,,,,,,,,,,,,,,,Franchise,0,0,1900-01-01,2075-12-31,,
_21053,,,,,,,,,,,,,,,SSK Skoglund Oil Co,0.75,0,2019-04-09,2075-12-31,,
_300343,CASHEW HALVES PIECES 9z,36009514,36009514,,,,a,601 04B 000,Case,2,,,u,_034952556407,Master,0,0,1900-01-01,2075-12-31,,
_300343,,,,,,,,,,,,,,,Franchise,0,0,1900-01-01,2075-12-31,,
_300343,,,,,,,,,,,,,,,SSK Skoglund Oil Co,1.48,0,2019-04-09,2075-12-31,,
_300350,MIXED NUTS W PEANUTS 9z,36010046,36010046,,,,a,601 04B 000,Case,2,,,u,_034952556445,Master,0,0,1900-01-01,2075-12-31,,
_300350,,,,,,,,,,,,,,,Franchise,0,0,1900-01-01,2075-12-31,,
_300350,,,,,,,,,,,,,,,SSK Skoglund Oil Co,1.48,0,2019-04-09,2075-12-31,,
_303420,EIL TRAIL MIX,36000802,36000802,,,,a,601 02 000,Case,2,,,u,_034952562613,Master,0,0,1900-01-01,2075-12-31,,
_303420,,,,,,,,,,,,,,,Franchise,0,0,1900-01-01,2075-12-31,,
_303420,,,,,,,,,,,,,,,SSK Skoglund Oil Co,1.75,0,2019-04-09,2075-12-31,,
_307280,EILLIENS MIDWEST TRAIL MIX,36009678,36009678,,,,a,601 04B 000,Case,2,,,u,_034952583618,Master,0,0,1900-01-01,2075-12-31,,
_307280,,,,,,,,,,,,,,,Franchise,0,0,1900-01-01,2075-12-31,,
_307280,,,,,,,,,,,,,,,SSK Skoglund Oil Co,21,0,2019-04-09,2075-12-31,,
_307306,EILLIENS ENERGY MIX,36009672,36009672,,,,a,601 04B 000,Case,2,,,u,_034952583632,Master,0,0,1900-01-01,2075-12-31,,
_307306,,,,,,,,,,,,,,,Franchise,0,0,1900-01-01,2075-12-31,,
_307306,,,,,,,,,,,,,,,SSK Skoglund Oil Co,21,0,2019-04-09,2075-12-31,,
_34952001051,EIL SPANISH PEANUTS 20z,36000800,36000800,,,,a,601 02 000,Case,2,,,u,_034952001051,Master,0,0,1900-01-01,2075-12-31,,
_34952001051,,,,,,,,,,,,,,,Franchise,0,0,1900-01-01,2075-12-31,,
_34952001051,,,,,,,,,,,,,,,SSK Skoglund Oil Co,11.7,0,2019-04-09,2075-12-31,,
_34952121698,EILLIENS BUTTERSCTOCH CHIPS,36000850,36000850,,,,a,601 02 000,Case,2,,,u,_034952121698,Master,0,0,1900-01-01,2075-12-31,,
_34952121698,,,,,,,,,,,,,,,Franchise,0,0,1900-01-01,2075-12-31,,
_34952121698,,,,,,,,,,,,,,,SSK Skoglund Oil Co,0.01,0,2019-04-09,2075-12-31,,
_34952123494,EILLIENS PEANUT BUTTER CHIPS,36000920,36000920,,,,a,601 02 000,Case,2,,,u,_034952123494,Master,0,0,1900-01-01,2075-12-31,,
_34952123494,,,,,,,,,,,,,,,Franchise,0,0,1900-01-01,2075-12-31,,
_34952123494,,,,,,,,,,,,,,,SSK Skoglund Oil Co,0.01,0,2019-04-09,2075-12-31,,
_34952123609,EILLIENS MINT CR ME STRAWS,36000913,36000913,,,,a,601 02 000,Case,2,,,u,_034952123609,Master,0,0,1900-01-01,2075-12-31,,
_34952123609,,,,,,,,,,,,,,,Franchise,0,0,1900-01-01,2075-12-31,,
_34952123609,,,,,,,,,,,,,,,SSK Skoglund Oil Co,0.01,0,2019-04-09,2075-12-31,,
_34952124835,EILLIENS FINE GROUND WALNUTS,36009674,36009674,,,,a,601 04B 000,Case,2,,,u,_034952124835,Master,0,0,1900-01-01,2075-12-31,,
_34952124835,,,,,,,,,,,,,,,Franchise,0,0,1900-01-01,2075-12-31,,
_34952124835,,,,,,,,,,,,,,,SSK Skoglund Oil Co,0.01,0,2019-04-09,2075-12-31,,
_34952126594,EIL SEMI SWEET CH CHIPS 12z,36000796,36000796,,,,a,601 02 000,Case,2,,,u,_034952126594,Master,0,0,1900-01-01,2075-12-31,,
_34952126594,,,,,,,,,,,,,,,Franchise,0,0,1900-01-01,2075-12-31,,
_34952126594,,,,,,,,,,,,,,,SSK Skoglund Oil Co,18,0,2019-04-09,2075-12-31,,
_34952129557,EILLIENS FANCY PECANS,36009673,36009673,,,,a,601 04B 000,Case,2,,,u,_034952129557,Master,0,0,1900-01-01,2075-12-31,,
_34952129557,,,,,,,,,,,,,,,Franchise,0,0,1900-01-01,2075-12-31,,
_34952129557,,,,,,,,,,,,,,,SSK Skoglund Oil Co,2.05,0,2019-04-09,2075-12-31,,
_34952129960,EIL CALIFORNIA WALNUTS 14z,36000736,36000736,,,,a,601 02 000,Case,2,,,u,_034952129960,Master,0,0,1900-01-01,2075-12-31,,
_34952129960,,,,,,,,,,,,,,,Franchise,0,0,1900-01-01,2075-12-31,,
_34952129960,,,,,,,,,,,,,,,SSK Skoglund Oil Co,30.6,0,2019-04-09,2075-12-31,,
_34952130010,EIL PEPPERMINT LOZENGES 16z,36000793,36000793,,,,a,601 02 000,Case,12,,,u,_034952130010,Master,0,0,1900-01-01,2075-12-31,,
_34952130010,,,,,,,,,,,,,,,Franchise,0,0,1900-01-01,2075-12-31,,
_34952130010,,,,,,,,,,,,,,,SSK Skoglund Oil Co,1.78,0,2019-04-09,2075-12-31,,
_34952410839,EILIEEN CORNER MARKET FILLED RASPBERRIES 14z,36000809,36000809,,,,a,601 02 000,Case,2,,,u,_034952410839,Master,0,0,1900-01-01,2075-12-31,,
_34952410839,,,,,,,,,,,,,,,Franchise,0,0,1900-01-01,2075-12-31,,
_34952410839,,,,,,,,,,,,,,,SSK Skoglund Oil Co,0.01,0,2019-04-09,2075-12-31,,
_34952551105,CHOCOLATE COVERED PEANUTS 1LB,36000710,36000710,,,,a,601 02 000,Case,2,,,u,_034952551105,Master,0,0,1900-01-01,2075-12-31,,
_34952551105,,,,,,,,,,,,,,,Franchise,0,0,1900-01-01,2075-12-31,,
_34952551105,,,,,,,,,,,,,,,SSK Skoglund Oil Co,1.22,0,2019-04-09,2075-12-31,,
_34952551402,EILLIENS CHOCOLATE STARS TRAY,36000863,36000863,,,,a,601 02 000,Case,2,,,u,_034952551402,Master,0,0,1900-01-01,2075-12-31,,
_34952551402,,,,,,,,,,,,,,,Franchise,0,0,1900-01-01,2075-12-31,,
_34952551402,,,,,,,,,,,,,,,SSK Skoglund Oil Co,1.4,0,2019-04-09,2075-12-31,,
_34952551808,PEANUT CARAMEL CLUSTERS 14z,36001046,36001046,,,,a,601 02 000,Case,2,,,u,_034952551808,Master,0,0,1900-01-01,2075-12-31,,
_34952551808,,,,,,,,,,,,,,,Franchise,0,0,1900-01-01,2075-12-31,,
_34952551808,,,,,,,,,,,,,,,SSK Skoglund Oil Co,1.15,0,2019-04-09,2075-12-31,,
_34952552805,CHRISTMAS PRETZELS 11z,36000711,36000711,,,,a,601 02S 000,Case,2,,,u,_034952552805,Master,0,0,1900-01-01,2075-12-31,,
_34952552805,,,,,,,,,,,,,,,Franchise,0,0,1900-01-01,2075-12-31,,
_34952552805,,,,,,,,,,,,,,,SSK Skoglund Oil Co,1.05,0,2019-04-09,2075-12-31,,
_34952554403,EIL GUMMI WORMS TRAY 15z,36000775,36000775,,,,a,601 02 000,Case,2,,,u,_034952554403,Master,0,0,1900-01-01,2075-12-31,,
_34952554403,,,,,,,,,,,,,,,Franchise,0,0,1900-01-01,2075-12-31,,
_34952554403,,,,,,,,,,,,,,,SSK Skoglund Oil Co,10.8,0,2019-04-09,2075-12-31,,
_34952554960,EILLIENS CHERRY SLICES,36000855,36000855,,,,a,601 02 000,Case,2,,,u,_034952554960,Master,0,0,1900-01-01,2075-12-31,,
_34952554960,,,,,,,,,,,,,,,Franchise,0,0,1900-01-01,2075-12-31,,
_34952554960,,,,,,,,,,,,,,,SSK Skoglund Oil Co,10.5,0,2019-04-09,2075-12-31,,
_34952555578,EILLIENS BUTTER TOFFEE CANDY 23z,36000829,36000829,,,,a,601 02 000,Case,2,,,u,_034952555578,Master,0,0,1900-01-01,2075-12-31,,
_34952555578,,,,,,,,,,,,,,,Franchise,0,0,1900-01-01,2075-12-31,,
_34952555578,,,,,,,,,,,,,,,SSK Skoglund Oil Co,13.8,0,2019-04-09,2075-12-31,,
_34952555783,EILLIENS TURKISH APRICOTS 12z,36000947,36000947,,,,a,601 02 000,Case,2,,,u,_034952555783,Master,0,0,1900-01-01,2075-12-31,,
_34952555783,,,,,,,,,,,,,,,Franchise,0,0,1900-01-01,2075-12-31,,
_34952555783,,,,,,,,,,,,,,,SSK Skoglund Oil Co,0.01,0,2019-04-09,2075-12-31,,
_34952556032,EILLIENS SPEARMINT LEAVES,36000935,36000935,,,,a,601 02 000,Case,2,,,u,_034952556032,Master,0,0,1900-01-01,2075-12-31,,
_34952556032,,,,,,,,,,,,,,,Franchise,0,0,1900-01-01,2075-12-31,,
_34952556032,,,,,,,,,,,,,,,SSK Skoglund Oil Co,10.5,0,2019-04-09,2075-12-31,,
_34952556162,EIL GUMMI BEARS TRAY 15z,36000769,36000769,,,,a,601 02 000,Case,2,,,u,_034952556162,Master,0,0,1900-01-01,2075-12-31,,
_34952556162,,,,,,,,,,,,,,,Franchise,0,0,1900-01-01,2075-12-31,,
_34952556162,,,,,,,,,,,,,,,SSK Skoglund Oil Co,10.8,0,2019-04-09,2075-12-31,,
_34952556292,EIL WHOLE CASHEWS 18z,36000807,36000807,,,,a,601 02 000,Case,2,,,u,_034952556292,Master,0,0,1900-01-01,2075-12-31,,
_34952556292,,,,,,,,,,,,,,,Franchise,0,0,1900-01-01,2075-12-31,,
_34952556292,,,,,,,,,,,,,,,SSK Skoglund Oil Co,36.72,0,2019-04-09,2075-12-31,,
_34952556490,PECAN HALVES 22z,36010213,36010213,,,,a,601 04B 000,Case,2,,,u,_034952556490,Master,0,0,1900-01-01,2075-12-31,,
_34952556490,,,,,,,,,,,,,,,Franchise,0,0,1900-01-01,2075-12-31,,
_34952556490,,,,,,,,,,,,,,,SSK Skoglund Oil Co,0.01,0,2019-04-09,2075-12-31,,
_34952557473,EILLIENS CHRISTMAS GUM DROPS,36000864,36000864,,,,a,601 02 000,Case,2,,,u,_034952557473,Master,0,0,1900-01-01,2075-12-31,,
_34952557473,,,,,,,,,,,,,,,Franchise,0,0,1900-01-01,2075-12-31,,
_34952557473,,,,,,,,,,,,,,,SSK Skoglund Oil Co,10.8,0,2019-04-09,2075-12-31,,
_34952557480,EILLIENS CHRISTMAS SPICE DROPS 28z,36000866,36000866,,,,a,601 02 000,Case,2,,,u,_034952557480,Master,0,0,1900-01-01,2075-12-31,,
_34952557480,,,,,,,,,,,,,,,Franchise,0,0,1900-01-01,2075-12-31,,
_34952557480,,,,,,,,,,,,,,,SSK Skoglund Oil Co,10.8,0,2019-04-09,2075-12-31,,
_34952557497,JELLY WREATHS 1LB,36000985,36000985,,,,a,601 02 000,Case,2,,,u,_034952557497,Master,0,0,1900-01-01,2075-12-31,,
_34952557497,,,,,,,,,,,,,,,Franchise,0,0,1900-01-01,2075-12-31,,
_34952557497,,,,,,,,,,,,,,,SSK Skoglund Oil Co,0.7,0,2019-04-09,2075-12-31,,
_34952560237,EIL OLD TYME MIX 14z,36000791,36000791,,,,a,601 02 000,Case,2,,,u,_034952560237,Master,0,0,1900-01-01,2075-12-31,,
_34952560237,,,,,,,,,,,,,,,Franchise,0,0,1900-01-01,2075-12-31,,
_34952560237,,,,,,,,,,,,,,,SSK Skoglund Oil Co,9.9,0,2019-04-09,2075-12-31,,
_34952560244,EIL FILLED MIX 14z,36000726,36000726,,,,a,601 02 000,Case,2,,,u,_034952560244,Master,0,0,1900-01-01,2075-12-31,,
_34952560244,,,,,,,,,,,,,,,Franchise,0,0,1900-01-01,2075-12-31,,
_34952560244,,,,,,,,,,,,,,,SSK Skoglund Oil Co,9.9,0,2019-04-09,2075-12-31,,
_34952560268,EIL CUT ROCK 14z,36000758,36000758,,,,a,601 02 000,Case,2,,,u,_034952560268,Master,0,0,1900-01-01,2075-12-31,,
_34952560268,,,,,,,,,,,,,,,Franchise,0,0,1900-01-01,2075-12-31,,
_34952560268,,,,,,,,,,,,,,,SSK Skoglund Oil Co,9.9,0,2019-04-09,2075-12-31,,
_34952560275,EIL FILLED RASPBERRIES 14z,36000762,36000762,,,,a,601 02 000,Case,2,,,u,_034952560275,Master,0,0,1900-01-01,2075-12-31,,
_34952560275,,,,,,,,,,,,,,,Franchise,0,0,1900-01-01,2075-12-31,,
_34952560275,,,,,,,,,,,,,,,SSK Skoglund Oil Co,9.9,0,2019-04-09,2075-12-31,,
_34952560299,CHRISTMAS TAFFY 12z,36000712,36000712,,,,a,601 02S 000,Case,2,,,u,_034952560299,Master,0,0,1900-01-01,2075-12-31,,
_34952560299,,,,,,,,,,,,,,,Franchise,0,0,1900-01-01,2075-12-31,,
_34952560299,,,,,,,,,,,,,,,SSK Skoglund Oil Co,10.5,0,2019-04-09,2075-12-31,,
_34952560305,EILLIENS ANISE SQUARES,36000830,36000830,,,,a,601 02 000,Case,2,,,u,_034952560305,Master,0,0,1900-01-01,2075-12-31,,
_34952560305,,,,,,,,,,,,,,,Franchise,0,0,1900-01-01,2075-12-31,,
_34952560305,,,,,,,,,,,,,,,SSK Skoglund Oil Co,0.01,0,2019-04-09,2075-12-31,,
_34952560312,EIL CHRISTMAS STARLT KS 14z,36000753,36000753,,,,a,601 02 000,Case,2,,,u,_034952560312,Master,0,0,1900-01-01,2075-12-31,,
_34952560312,,,,,,,,,,,,,,,Franchise,0,0,1900-01-01,2075-12-31,,
_34952560312,,,,,,,,,,,,,,,SSK Skoglund Oil Co,9.6,0,2019-04-09,2075-12-31,,
_34952560459,EILLIENS SUNFLOWER SEEDS 16z,36009687,36009687,,,,a,601 04B 000,Case,2,,,u,_034952560459,Master,0,0,1900-01-01,2075-12-31,,
_34952560459,,,,,,,,,,,,,,,Franchise,0,0,1900-01-01,2075-12-31,,
_34952560459,,,,,,,,,,,,,,,SSK Skoglund Oil Co,7.68,0,2019-04-09,2075-12-31,,
_34952560633,EILLIENS ASSORTED LOLLIES,36000832,36000832,,,,a,601 02 000,Each,1,,,u,_034952560633,Master,0,0,1900-01-01,2075-12-31,,
_34952560633,,,,,,,,,,,,,,,Franchise,0,0,1900-01-01,2075-12-31,,
_34952560633,,,,,,,,,,,,,,,SSK Skoglund Oil Co,2,0,2019-04-09,2075-12-31,,
_34952560763,EILLIENS JELLY BEANS 16z,36000893,36000893,,,,a,601 02 000,Case,12,,,u,_034952560763,Master,0,0,1900-01-01,2075-12-31,,
_34952560763,,,,,,,,,,,,,,,Franchise,0,0,1900-01-01,2075-12-31,,
_34952560763,,,,,,,,,,,,,,,SSK Skoglund Oil Co,1.51,0,2019-04-09,2075-12-31,,
_34952560770,EILLIENS LEMON DROPS 16z,36000902,36000902,,,,a,601 02 000,Case,12,,,u,_034952560770,Master,0,0,1900-01-01,2075-12-31,,
_34952560770,,,,,,,,,,,,,,,Franchise,0,0,1900-01-01,2075-12-31,,
_34952560770,,,,,,,,,,,,,,,SSK Skoglund Oil Co,1.47,0,2019-04-09,2075-12-31,,
_34952560794,EILLIENS CHERRY BITES 16z,36000854,36000854,,,,a,601 02 000,Case,12,,,u,_034952560794,Master,0,0,1900-01-01,2075-12-31,,
_34952560794,,,,,,,,,,,,,,,Franchise,0,0,1900-01-01,2075-12-31,,
_34952560794,,,,,,,,,,,,,,,SSK Skoglund Oil Co,1.75,0,2019-04-09,2075-12-31,,
_34952560800,EILLIENS OLD FASHND TWISTS,36000915,36000915,,,,a,601 02 000,Each,1,,,u,_034952560800,Master,0,0,1900-01-01,2075-12-31,,
_34952560800,,,,,,,,,,,,,,,Franchise,0,0,1900-01-01,2075-12-31,,
_34952560800,,,,,,,,,,,,,,,SSK Skoglund Oil Co,2,0,2019-04-09,2075-12-31,,
_34952560831,EILLIENS STARLITE KISSES 16z,36000943,36000943,,,,a,601 02 000,Case,12,,,u,_034952560831,Master,0,0,1900-01-01,2075-12-31,,
_34952560831,,,,,,,,,,,,,,,Franchise,0,0,1900-01-01,2075-12-31,,
_34952560831,,,,,,,,,,,,,,,SSK Skoglund Oil Co,1.95,0,2019-04-09,2075-12-31,,
_34952560862,EIL WINTERGREEN LOZENGES 16z,36000808,36000808,,,,a,601 02 000,Case,12,,,u,_034952560862,Master,0,0,1900-01-01,2075-12-31,,
_34952560862,,,,,,,,,,,,,,,Franchise,0,0,1900-01-01,2075-12-31,,
_34952560862,,,,,,,,,,,,,,,SSK Skoglund Oil Co,1.78,0,2019-04-09,2075-12-31,,
_34952560923,EILLIENS NATURAL PISTACHIOS,36009679,36009679,,,,a,601 04B 000,Case,2,,,u,_034952560923,Master,0,0,1900-01-01,2075-12-31,,
_34952560923,,,,,,,,,,,,,,,Franchise,0,0,1900-01-01,2075-12-31,,
_34952560923,,,,,,,,,,,,,,,SSK Skoglund Oil Co,32.4,0,2019-04-09,2075-12-31,,
_34952561623,EIL ATOMIC FIREBALLS 14z,36000727,36000727,,,,a,601 02 000,Case,2,,,u,_034952561623,Master,0,0,1900-01-01,2075-12-31,,
_34952561623,,,,,,,,,,,,,,,Franchise,0,0,1900-01-01,2075-12-31,,
_34952561623,,,,,,,,,,,,,,,SSK Skoglund Oil Co,9.9,0,2019-04-09,2075-12-31,,
_34952562026,EIL CHOCOLATE STARS 12z,36000751,36000751,,,,a,601 02 000,Case,2,,,u,_034952562026,Master,0,0,1900-01-01,2075-12-31,,
_34952562026,,,,,,,,,,,,,,,Franchise,0,0,1900-01-01,2075-12-31,,
_34952562026,,,,,,,,,,,,,,,SSK Skoglund Oil Co,12.3,0,2019-04-09,2075-12-31,,
_3495256204,EIL CHOCOLATE NONPAREILS 12z,36000747,36000747,,,,a,601 02 000,Case,2,,,u,_034952562040,Master,0,0,1900-01-01,2075-12-31,,
_3495256204,,,,,,,,,,,,,,,Franchise,0,0,1900-01-01,2075-12-31,,
_3495256204,,,,,,,,,,,,,,,SSK Skoglund Oil Co,12.3,0,2019-04-09,2075-12-31,,
_34952562255,EILLIENS BUTTERMINTS 12z,36000848,36000848,,,,a,601 02 000,Case,2,,,u,_034952562255,Master,0,0,1900-01-01,2075-12-31,,
_34952562255,,,,,,,,,,,,,,,Franchise,0,0,1900-01-01,2075-12-31,,
_34952562255,,,,,,,,,,,,,,,SSK Skoglund Oil Co,0.83,0,2019-04-09,2075-12-31,,
_34952562415,EILLIENS CHRISTMAS GUMMIES,36000865,36000865,,,,a,601 02 000,Case,2,,,u,_034952562415,Master,0,0,1900-01-01,2075-12-31,,
_34952562415,,,,,,,,,,,,,,,Franchise,0,0,1900-01-01,2075-12-31,,
_34952562415,,,,,,,,,,,,,,,SSK Skoglund Oil Co,0.83,0,2019-04-09,2075-12-31,,
_34952562460,EILLIENS BOSTON BAKED BEANS 16z,36000844,36000844,,,,a,601 02 000,Case,12,,,u,_034952562460,Master,0,0,1900-01-01,2075-12-31,,
_34952562460,,,,,,,,,,,,,,,Franchise,0,0,1900-01-01,2075-12-31,,
_34952562460,,,,,,,,,,,,,,,SSK Skoglund Oil Co,1.92,0,2019-04-09,2075-12-31,,
_34952562484,EIL CHOC CARAMEL 16z,36000745,36000745,,,,a,601 02 000,Case,12,,,u,_034952562484,Master,0,0,1900-01-01,2075-12-31,,
_34952562484,,,,,,,,,,,,,,,Franchise,0,0,1900-01-01,2075-12-31,,
_34952562484,,,,,,,,,,,,,,,SSK Skoglund Oil Co,2.85,0,2019-04-09,2075-12-31,,
_34952562491,EILLIENS GUMMI RED RASP 16z,36000889,36000889,,,,a,601 02 000,Case,12,,,u,_034952562491,Master,0,0,1900-01-01,2075-12-31,,
_34952562491,,,,,,,,,,,,,,,Franchise,0,0,1900-01-01,2075-12-31,,
_34952562491,,,,,,,,,,,,,,,SSK Skoglund Oil Co,1.68,0,2019-04-09,2075-12-31,,
_34952562620,EIL CALIFORNIA MIX 22z,36000735,36000735,,,,a,601 02 000,Case,2,,,u,_034952562620,Master,0,0,1900-01-01,2075-12-31,,
_34952562620,,,,,,,,,,,,,,,Franchise,0,0,1900-01-01,2075-12-31,,
_34952562620,,,,,,,,,,,,,,,SSK Skoglund Oil Co,21,0,2019-04-09,2075-12-31,,
_34952562972,EILL SWEETENED DRIED CB 8z,36000811,36000811,,,,a,601 02 000,Case,2,,,u,_034952562972,Master,0,0,1900-01-01,2075-12-31,,
_34952562972,,,,,,,,,,,,,,,Franchise,0,0,1900-01-01,2075-12-31,,
_34952562972,,,,,,,,,,,,,,,SSK Skoglund Oil Co,16.8,0,2019-04-09,2075-12-31,,
_34952563481,EILLIENS SUNFLOWER KERNELS,36009686,36009686,,,,a,601 04B 000,Case,2,,,u,_034952563481,Master,0,0,1900-01-01,2075-12-31,,
_34952563481,,,,,,,,,,,,,,,Franchise,0,0,1900-01-01,2075-12-31,,
_34952563481,,,,,,,,,,,,,,,SSK Skoglund Oil Co,0.66,0,2019-04-09,2075-12-31,,
_34952563771,EIL WHITE MOUNTAIN MIZ 22z,36000806,36000806,,,,a,601 02 000,Case,2,,,u,_034952563771,Master,0,0,1900-01-01,2075-12-31,,
_34952563771,,,,,,,,,,,,,,,Franchise,0,0,1900-01-01,2075-12-31,,
_34952563771,,,,,,,,,,,,,,,SSK Skoglund Oil Co,21,0,2019-04-09,2075-12-31,,
_34952563986,EILLIENS ENGLISH TOFFEE TRAY,36000882,36000882,,,,a,601 02 000,Case,2,,,u,_034952563986,Master,0,0,1900-01-01,2075-12-31,,
_34952563986,,,,,,,,,,,,,,,Franchise,0,0,1900-01-01,2075-12-31,,
_34952563986,,,,,,,,,,,,,,,SSK Skoglund Oil Co,2.38,0,2019-04-09,2075-12-31,,
_34952564877,EILLIENS CITY MIX,36000872,36000872,,,,a,601 02 000,Case,2,,,u,_034952564877,Master,0,0,1900-01-01,2075-12-31,,
_34952564877,,,,,,,,,,,,,,,Franchise,0,0,1900-01-01,2075-12-31,,
_34952564877,,,,,,,,,,,,,,,SSK Skoglund Oil Co,1.83,0,2019-04-09,2075-12-31,,
_34952564891,EILLIENS MILK CHOC CHIPS,36000908,36000908,,,,a,601 02 000,Case,2,,,u,_034952564891,Master,0,0,1900-01-01,2075-12-31,,
_34952564891,,,,,,,,,,,,,,,Franchise,0,0,1900-01-01,2075-12-31,,
_34952564891,,,,,,,,,,,,,,,SSK Skoglund Oil Co,0.01,0,2019-04-09,2075-12-31,,
_34952564983,EILLIENS CALIFORNIA ALMONDS,36009671,36009671,,,,a,601 04B 000,Case,2,,,u,_034952564983,Master,0,0,1900-01-01,2075-12-31,,
_34952564983,,,,,,,,,,,,,,,Franchise,0,0,1900-01-01,2075-12-31,,
_34952564983,,,,,,,,,,,,,,,SSK Skoglund Oil Co,1.48,0,2019-04-09,2075-12-31,,
_34952564990,EILLIENS SLICED ALMONDS,36009683,36009683,,,,a,601 04B 000,Case,2,,,u,_034952564990,Master,0,0,1900-01-01,2075-12-31,,
_34952564990,,,,,,,,,,,,,,,Franchise,0,0,1900-01-01,2075-12-31,,
_34952564990,,,,,,,,,,,,,,,SSK Skoglund Oil Co,0.01,0,2019-04-09,2075-12-31,,
_34952565003,EILLIENS SLIVERED ALMONDS,36009684,36009684,,,,a,601 04B 000,Case,2,,,u,_034952565003,Master,0,0,1900-01-01,2075-12-31,,
_34952565003,,,,,,,,,,,,,,,Franchise,0,0,1900-01-01,2075-12-31,,
_34952565003,,,,,,,,,,,,,,,SSK Skoglund Oil Co,0.01,0,2019-04-09,2075-12-31,,
_34952566215,EILLIENS DRIED CHERRIES 10z,36000878,36000878,,,,a,601 02 000,Case,2,,,u,_034952566215,Master,0,0,1900-01-01,2075-12-31,,
_34952566215,,,,,,,,,,,,,,,Franchise,0,0,1900-01-01,2075-12-31,,
_34952566215,,,,,,,,,,,,,,,SSK Skoglund Oil Co,22.8,0,2019-04-09,2075-12-31,,
_34952566482,EIL GRANOLA MIZ 22z,36000764,36000764,,,,a,601 02 000,Case,2,,,u,_034952566482,Master,0,0,1900-01-01,2075-12-31,,
_34952566482,,,,,,,,,,,,,,,Franchise,0,0,1900-01-01,2075-12-31,,
_34952566482,,,,,,,,,,,,,,,SSK Skoglund Oil Co,18.3,0,2019-04-09,2075-12-31,,
_34952566628,EIL BIT O HONEY 16z,36000729,36000729,,,,a,601 02 000,Case,12,,,u,_034952566628,Master,0,0,1900-01-01,2075-12-31,,
_34952566628,,,,,,,,,,,,,,,Franchise,0,0,1900-01-01,2075-12-31,,
_34952566628,,,,,,,,,,,,,,,SSK Skoglund Oil Co,2.69,0,2019-04-09,2075-12-31,,
_34952566659,EILLIENS CINNAMON BEARS 16z,36000867,36000867,,,,a,601 02 000,Case,12,,,u,_034952566659,Master,0,0,1900-01-01,2075-12-31,,
_34952566659,,,,,,,,,,,,,,,Franchise,0,0,1900-01-01,2075-12-31,,
_34952566659,,,,,,,,,,,,,,,SSK Skoglund Oil Co,1.21,0,2019-04-09,2075-12-31,,
_34952566673,EIL FLAVORED TOST ROLL 16z,36000763,36000763,,,,a,601 02 000,Case,12,,,u,_034952566673,Master,0,0,1900-01-01,2075-12-31,,
_34952566673,,,,,,,,,,,,,,,Franchise,0,0,1900-01-01,2075-12-31,,
_34952566673,,,,,,,,,,,,,,,SSK Skoglund Oil Co,2.68,0,2019-04-09,2075-12-31,,
_34952566710,EIL SOUR CHRRY BLLS,36000797,36000797,,,,a,601 02 000,Case,12,,,u,_034952566710,Master,0,0,1900-01-01,2075-12-31,,
_34952566710,,,,,,,,,,,,,,,Franchise,0,0,1900-01-01,2075-12-31,,
_34952566710,,,,,,,,,,,,,,,SSK Skoglund Oil Co,1.81,0,2019-04-09,2075-12-31,,
_34952566840,EILLIENS CINNAMON IMPERIALS 17z,36000869,36000869,,,,a,601 02 000,Case,2,,,u,_034952566840,Master,0,0,1900-01-01,2075-12-31,,
_34952566840,,,,,,,,,,,,,,,Franchise,0,0,1900-01-01,2075-12-31,,
_34952566840,,,,,,,,,,,,,,,SSK Skoglund Oil Co,10.2,0,2019-04-09,2075-12-31,,
_34952566949,EIL CRANBERRY TRAIL MIX 18z,36000756,36000756,,,,a,601 02 000,Case,2,,,u,_034952566949,Master,0,0,1900-01-01,2075-12-31,,
_34952566949,,,,,,,,,,,,,,,Franchise,0,0,1900-01-01,2075-12-31,,
_34952566949,,,,,,,,,,,,,,,SSK Skoglund Oil Co,18.3,0,2019-04-09,2075-12-31,,
_34952567700,EILLIENS HOREHOUND 16z,36000891,36000891,,,,a,601 02 000,Case,12,,,u,_034952567700,Master,0,0,1900-01-01,2075-12-31,,
_34952567700,,,,,,,,,,,,,,,Franchise,0,0,1900-01-01,2075-12-31,,
_34952567700,,,,,,,,,,,,,,,SSK Skoglund Oil Co,1.46,0,2019-04-09,2075-12-31,,
_34952567939,ROASTED & SALTED MACADAMA NUTS 10z,36010289,36010289,,,,a,601 04B 000,Case,2,,,u,_034952567939,Master,0,0,1900-01-01,2075-12-31,,
_34952567939,,,,,,,,,,,,,,,Franchise,0,0,1900-01-01,2075-12-31,,
_34952567939,,,,,,,,,,,,,,,SSK Skoglund Oil Co,2.65,0,2019-04-09,2075-12-31,,
_34952568356,EIL SOUTHWESTERN MIX 24z,36000799,36000799,,,,a,601 02 000,Case,2,,,u,_034952568356,Master,0,0,1900-01-01,2075-12-31,,
_34952568356,,,,,,,,,,,,,,,Franchise,0,0,1900-01-01,2075-12-31,,
_34952568356,,,,,,,,,,,,,,,SSK Skoglund Oil Co,21,0,2019-04-09,2075-12-31,,
_34952568486,EILLIENS SOUR CHRY & APPLE BALLS,36000932,36000932,,,,a,601 02 000,Case,2,,,u,_034952568486,Master,0,0,1900-01-01,2075-12-31,,
_34952568486,,,,,,,,,,,,,,,Franchise,0,0,1900-01-01,2075-12-31,,
_34952568486,,,,,,,,,,,,,,,SSK Skoglund Oil Co,0.01,0,2019-04-09,2075-12-31,,
_34952569285,EIL LIGHT SPONGE CANDY 10z,36000784,36000784,,,,a,601 02 000,Case,2,,,u,_034952569285,Master,0,0,1900-01-01,2075-12-31,,
_34952569285,,,,,,,,,,,,,,,Franchise,0,0,1900-01-01,2075-12-31,,
_34952569285,,,,,,,,,,,,,,,SSK Skoglund Oil Co,14.4,0,2019-04-09,2075-12-31,,
_34952571592,EILLIENS PEPPERMINT PUFFS,36000923,36000923,,,,a,601 02 000,Case,2,,,u,_034952571592,Master,0,0,1900-01-01,2075-12-31,,
_34952571592,,,,,,,,,,,,,,,Franchise,0,0,1900-01-01,2075-12-31,,
_34952571592,,,,,,,,,,,,,,,SSK Skoglund Oil Co,9.6,0,2019-04-09,2075-12-31,,
_34952571707,EILLIENS PISTACHIOS KERNELS,36000925,36000925,,,,a,601 02 000,Case,2,,,u,_034952571707,Master,0,0,1900-01-01,2075-12-31,,
_34952571707,,,,,,,,,,,,,,,Franchise,0,0,1900-01-01,2075-12-31,,
_34952571707,,,,,,,,,,,,,,,SSK Skoglund Oil Co,3.58,0,2019-04-09,2075-12-31,,
_34952572537,EILLIENS YOGURT PEANUT TRAY,36000951,36000951,,,,a,601 02 000,Case,2,,,u,_034952572537,Master,0,0,1900-01-01,2075-12-31,,
_34952572537,,,,,,,,,,,,,,,Franchise,0,0,1900-01-01,2075-12-31,,
_34952572537,,,,,,,,,,,,,,,SSK Skoglund Oil Co,1.45,0,2019-04-09,2075-12-31,,
_34952572544,EILLIENS YOGURT RAISINS,36000952,36000952,,,,a,601 02 000,Case,2,,,u,_034952572544,Master,0,0,1900-01-01,2075-12-31,,
_34952572544,,,,,,,,,,,,,,,Franchise,0,0,1900-01-01,2075-12-31,,
_34952572544,,,,,,,,,,,,,,,SSK Skoglund Oil Co,1.4,0,2019-04-09,2075-12-31,,
_34952572575,EILLIENS PEANUT CLUSTERS TRAY,36000921,36000921,,,,a,601 02 000,Case,2,,,u,_034952572575,Master,0,0,1900-01-01,2075-12-31,,
_34952572575,,,,,,,,,,,,,,,Franchise,0,0,1900-01-01,2075-12-31,,
_34952572575,,,,,,,,,,,,,,,SSK Skoglund Oil Co,1.43,0,2019-04-09,2075-12-31,,
_34952572650,EILLIENS SALTED GREEN PEAS 10z,36009682,36009682,,,,a,601 04B 000,Case,2,,,u,_034952572650,Master,0,0,1900-01-01,2075-12-31,,
_34952572650,,,,,,,,,,,,,,,Franchise,0,0,1900-01-01,2075-12-31,,
_34952572650,,,,,,,,,,,,,,,SSK Skoglund Oil Co,0.85,0,2019-04-09,2075-12-31,,
_34952572667,EILLIENS WASABI PEAS TRAY 10z,36009689,36009689,,,,a,601 04B 000,Case,2,,,u,_034952572667,Master,0,0,1900-01-01,2075-12-31,,
_34952572667,,,,,,,,,,,,,,,Franchise,0,0,1900-01-01,2075-12-31,,
_34952572667,,,,,,,,,,,,,,,SSK Skoglund Oil Co,0.9,0,2019-04-09,2075-12-31,,
_34952572872,EIL COUNTRY MIX TRAY 14z,36000755,36000755,,,,a,601 02 000,Case,2,,,u,_034952572872,Master,0,0,1900-01-01,2075-12-31,,
_34952572872,,,,,,,,,,,,,,,Franchise,0,0,1900-01-01,2075-12-31,,
_34952572872,,,,,,,,,,,,,,,SSK Skoglund Oil Co,16.56,0,2019-04-09,2075-12-31,,
_34952572964,EILLIENS ORIG SNACK MIX 6z,36009680,36009680,,,,a,601 04B 000,Case,2,,,u,_034952572964,Master,0,0,1900-01-01,2075-12-31,,
_34952572964,,,,,,,,,,,,,,,Franchise,0,0,1900-01-01,2075-12-31,,
_34952572964,,,,,,,,,,,,,,,SSK Skoglund Oil Co,1.05,0,2019-04-09,2075-12-31,,
_34952572971,EILLIENS GARLIC SNACK MIX 6z,36009675,36009675,,,,a,601 04B 000,Case,2,,,u,_034952572971,Master,0,0,1900-01-01,2075-12-31,,
_34952572971,,,,,,,,,,,,,,,Franchise,0,0,1900-01-01,2075-12-31,,
_34952572971,,,,,,,,,,,,,,,SSK Skoglund Oil Co,0,0,2019-04-09,2075-12-31,,
_34952573084,EILLIENS BUTTERSCOTCH BUTTONS 16z,36000849,36000849,,,,a,601 02 000,Case,12,,,u,_034952573084,Master,0,0,1900-01-01,2075-12-31,,
_34952573084,,,,,,,,,,,,,,,Franchise,0,0,1900-01-01,2075-12-31,,
_34952573084,,,,,,,,,,,,,,,SSK Skoglund Oil Co,1.54,0,2019-04-09,2075-12-31,,
_34952573114,EIL LAFFY TAFFY 16z,36000783,36000783,,,,a,601 02 000,Case,12,,,u,_034952573114,Master,0,0,1900-01-01,2075-12-31,,
_34952573114,,,,,,,,,,,,,,,Franchise,0,0,1900-01-01,2075-12-31,,
_34952573114,,,,,,,,,,,,,,,SSK Skoglund Oil Co,2.75,0,2019-04-09,2075-12-31,,
_34952573145,EILLIENS CHOC PRETZELS,36000861,36000861,,,,a,601 02 000,Case,2,,,u,_034952573145,Master,0,0,1900-01-01,2075-12-31,,
_34952573145,,,,,,,,,,,,,,,Franchise,0,0,1900-01-01,2075-12-31,,
_34952573145,,,,,,,,,,,,,,,SSK Skoglund Oil Co,0.01,0,2019-04-09,2075-12-31,,
_34952573152,EIL CHRISTMAS PRETZELS 16z,36000752,36000752,,,,a,601 02 000,Case,2,,,u,_034952573152,Master,0,0,1900-01-01,2075-12-31,,
_34952573152,,,,,,,,,,,,,,,Franchise,0,0,1900-01-01,2075-12-31,,
_34952573152,,,,,,,,,,,,,,,SSK Skoglund Oil Co,13.2,0,2019-04-09,2075-12-31,,
_34952575934,EIL CHOCOLATE PRETZELS 12z,36000749,36000749,,,,a,601 02 000,Case,2,,,u,_034952575934,Master,0,0,1900-01-01,2075-12-31,,
_34952575934,,,,,,,,,,,,,,,Franchise,0,0,1900-01-01,2075-12-31,,
_34952575934,,,,,,,,,,,,,,,SSK Skoglund Oil Co,9.9,0,2019-04-09,2075-12-31,,
_34952575941,EIL WALLABY BLACK LIQUORICE,36000804,36000804,,,,a,601 02 000,Case,2,,,u,_034952575941,Master,0,0,1900-01-01,2075-12-31,,
_34952575941,,,,,,,,,,,,,,,Franchise,0,0,1900-01-01,2075-12-31,,
_34952575941,,,,,,,,,,,,,,,SSK Skoglund Oil Co,9,0,2019-04-09,2075-12-31,,
_34952575958,EIL WALLABY RED LIQUORICE,36000805,36000805,,,,a,601 02 000,Case,2,,,u,_034952575958,Master,0,0,1900-01-01,2075-12-31,,
_34952575958,,,,,,,,,,,,,,,Franchise,0,0,1900-01-01,2075-12-31,,
_34952575958,,,,,,,,,,,,,,,SSK Skoglund Oil Co,9,0,2019-04-09,2075-12-31,,
_34952576160,EILLIENS JU JU FISH TRAY,36000897,36000897,,,,a,601 02 000,Case,2,,,u,_034952576160,Master,0,0,1900-01-01,2075-12-31,,
_34952576160,,,,,,,,,,,,,,,Franchise,0,0,1900-01-01,2075-12-31,,
_34952576160,,,,,,,,,,,,,,,SSK Skoglund Oil Co,0.01,0,2019-04-09,2075-12-31,,
_34952576177,EILLIENS PB CUP TRAYS,36000918,36000918,,,,a,601 02 000,Case,2,,,u,_034952576177,Master,0,0,1900-01-01,2075-12-31,,
_34952576177,,,,,,,,,,,,,,,Franchise,0,0,1900-01-01,2075-12-31,,
_34952576177,,,,,,,,,,,,,,,SSK Skoglund Oil Co,2.75,0,2019-04-09,2075-12-31,,
_34952576511,EILLIENS MINI FRUIT SLICES,36000910,36000910,,,,a,601 02 000,Case,2,,,u,_034952576511,Master,0,0,1900-01-01,2075-12-31,,
_34952576511,,,,,,,,,,,,,,,Franchise,0,0,1900-01-01,2075-12-31,,
_34952576511,,,,,,,,,,,,,,,SSK Skoglund Oil Co,0.8,0,2019-04-09,2075-12-31,,
_34952576528,EILLIENS MINI ORANGE SLICES,36000911,36000911,,,,a,601 02 000,Case,2,,,u,_034952576528,Master,0,0,1900-01-01,2075-12-31,,
_34952576528,,,,,,,,,,,,,,,Franchise,0,0,1900-01-01,2075-12-31,,
_34952576528,,,,,,,,,,,,,,,SSK Skoglund Oil Co,0.8,0,2019-04-09,2075-12-31,,
_34952577365,EILLIENS SPORTSMAN MIX,36009685,36009685,,,,a,601 04B 000,Case,2,,,u,_034952577365,Master,0,0,1900-01-01,2075-12-31,,
_34952577365,,,,,,,,,,,,,,,Franchise,0,0,1900-01-01,2075-12-31,,
_34952577365,,,,,,,,,,,,,,,SSK Skoglund Oil Co,0.88,0,2019-04-09,2075-12-31,,
_34952577402,EILLIENS POM SWT DRIED CRANBERRIES 7z,36000926,36000926,,,,a,601 02 000,Case,2,,,u,_034952577402,Master,0,0,1900-01-01,2075-12-31,,
_34952577402,,,,,,,,,,,,,,,Franchise,0,0,1900-01-01,2075-12-31,,
_34952577402,,,,,,,,,,,,,,,SSK Skoglund Oil Co,0.01,0,2019-04-09,2075-12-31,,
_34952577440,EILLIENS SOUR GUMMI RED RASPBERRIES 28z,36000934,36000934,,,,a,601 02 000,Case,2,,,u,_034952577440,Master,0,0,1900-01-01,2075-12-31,,
_34952577440,,,,,,,,,,,,,,,Franchise,0,0,1900-01-01,2075-12-31,,
_34952577440,,,,,,,,,,,,,,,SSK Skoglund Oil Co,15.6,0,2019-04-09,2075-12-31,,
_34952577495,EILLIENS CHOC BRIDGE MIX 20z,36000856,36000856,,,,a,601 02 000,Case,12,,,u,_034952577495,Master,0,0,1900-01-01,2075-12-31,,
_34952577495,,,,,,,,,,,,,,,Franchise,0,0,1900-01-01,2075-12-31,,
_34952577495,,,,,,,,,,,,,,,SSK Skoglund Oil Co,3.35,0,2019-04-09,2075-12-31,,
_34952577532,EILLIENS ORANGE SLICES 40z,36000916,36000916,,,,a,601 02 000,Case,2,,,u,_034952577532,Master,0,0,1900-01-01,2075-12-31,,
_34952577532,,,,,,,,,,,,,,,Franchise,0,0,1900-01-01,2075-12-31,,
_34952577532,,,,,,,,,,,,,,,SSK Skoglund Oil Co,0.01,0,2019-04-09,2075-12-31,,
_34952580037,EILLIENS HONEY RST SES STIX 10z,36009676,36009676,,,,a,601 04B 000,Case,2,,,u,_034952580037,Master,0,0,1900-01-01,2075-12-31,,
_34952580037,,,,,,,,,,,,,,,Franchise,0,0,1900-01-01,2075-12-31,,
_34952580037,,,,,,,,,,,,,,,SSK Skoglund Oil Co,9.12,0,2019-04-09,2075-12-31,,
_34952581539,EILLIENS ASSORTED CANDY PUFFS 13z,36000812,36000812,,,,a,601 02 000,Case,2,,,u,_034952581539,Master,0,0,1900-01-01,2075-12-31,,
_34952581539,,,,,,,,,,,,,,,Franchise,0,0,1900-01-01,2075-12-31,,
_34952581539,,,,,,,,,,,,,,,SSK Skoglund Oil Co,9.6,0,2019-04-09,2075-12-31,,
_34952582420,EILLIENS ROOTBEER BARRELS 16z,36000927,36000927,,,,a,601 02 000,Case,12,,,u,_034952582420,Master,0,0,1900-01-01,2075-12-31,,
_34952582420,,,,,,,,,,,,,,,Franchise,0,0,1900-01-01,2075-12-31,,
_34952582420,,,,,,,,,,,,,,,SSK Skoglund Oil Co,1.81,0,2019-04-09,2075-12-31,,
_34952582444,EILLIENS SPEARMINT STARLIGHTS 16z,36000936,36000936,,,,a,601 02 000,Case,12,,,u,_034952582444,Master,0,0,1900-01-01,2075-12-31,,
_34952582444,,,,,,,,,,,,,,,Franchise,0,0,1900-01-01,2075-12-31,,
_34952582444,,,,,,,,,,,,,,,SSK Skoglund Oil Co,1.95,0,2019-04-09,2075-12-31,,
_34952582710,EILLIENS CASHEW HALVES PCS,36000853,36000853,,,,a,601 02 000,Case,2,,,u,_034952582710,Master,0,0,1900-01-01,2075-12-31,,
_34952582710,,,,,,,,,,,,,,,Franchise,0,0,1900-01-01,2075-12-31,,
_34952582710,,,,,,,,,,,,,,,SSK Skoglund Oil Co,1.2,0,2019-04-09,2075-12-31,,
_34952582734,EILLIENS WASABI & SOY ALMONDS 10z,36009688,36009688,,,,a,601 04B 000,Case,2,,,u,_034952582734,Master,0,0,1900-01-01,2075-12-31,,
_34952582734,,,,,,,,,,,,,,,Franchise,0,0,1900-01-01,2075-12-31,,
_34952582734,,,,,,,,,,,,,,,SSK Skoglund Oil Co,0.01,0,2019-04-09,2075-12-31,,
_34952583069,EILLIENS BLACK BITES 17z,36000839,36000839,,,,a,601 02 000,Case,2,,,u,_034952583069,Master,0,0,1900-01-01,2075-12-31,,
_34952583069,,,,,,,,,,,,,,,Franchise,0,0,1900-01-01,2075-12-31,,
_34952583069,,,,,,,,,,,,,,,SSK Skoglund Oil Co,10.2,0,2019-04-09,2075-12-31,,
_34952583076,EILLIENS BLACK TWISTS 17z,36000841,36000841,,,,a,601 02 000,Case,2,,,u,_034952583076,Master,0,0,1900-01-01,2075-12-31,,
_34952583076,,,,,,,,,,,,,,,Franchise,0,0,1900-01-01,2075-12-31,,
_34952583076,,,,,,,,,,,,,,,SSK Skoglund Oil Co,10.2,0,2019-04-09,2075-12-31,,
_34952583083,EILLIENS BOSTON BAKED BN 13z,36000845,36000845,,,,a,601 02 000,Case,2,,,u,_034952583083,Master,0,0,1900-01-01,2075-12-31,,
_34952583083,,,,,,,,,,,,,,,Franchise,0,0,1900-01-01,2075-12-31,,
_34952583083,,,,,,,,,,,,,,,SSK Skoglund Oil Co,10.2,0,2019-04-09,2075-12-31,,
_34952583090,EILLIENS BURNT PEANUTS 15z,36000847,36000847,,,,a,601 02 000,Case,2,,,u,_034952583090,Master,0,0,1900-01-01,2075-12-31,,
_34952583090,,,,,,,,,,,,,,,Franchise,0,0,1900-01-01,2075-12-31,,
_34952583090,,,,,,,,,,,,,,,SSK Skoglund Oil Co,10.68,0,2019-04-09,2075-12-31,,
_34952583106,EILLIENS CINNAMON BEARS 24z,36000868,36000868,,,,a,601 02 000,Case,2,,,u,_034952583106,Master,0,0,1900-01-01,2075-12-31,,
_34952583106,,,,,,,,,,,,,,,Franchise,0,0,1900-01-01,2075-12-31,,
_34952583106,,,,,,,,,,,,,,,SSK Skoglund Oil Co,10.2,0,2019-04-09,2075-12-31,,
_34952583113,EILLIENS MAPLE NUT GOODIES 12z,36000906,36000906,,,,a,601 02 000,Case,2,,,u,_034952583113,Master,0,0,1900-01-01,2075-12-31,,
_34952583113,,,,,,,,,,,,,,,Franchise,0,0,1900-01-01,2075-12-31,,
_34952583113,,,,,,,,,,,,,,,SSK Skoglund Oil Co,13.5,0,2019-04-09,2075-12-31,,
_34952583120,EILLIENS WINTERGREEN 18z,36000950,36000950,,,,a,601 02 000,Case,2,,,u,_034952583120,Master,0,0,1900-01-01,2075-12-31,,
_34952583120,,,,,,,,,,,,,,,Franchise,0,0,1900-01-01,2075-12-31,,
_34952583120,,,,,,,,,,,,,,,SSK Skoglund Oil Co,10.2,0,2019-04-09,2075-12-31,,
_34952584608,EILLIENS SLICED MANGO,36000929,36000929,,,,a,601 02 000,Each,1,,,u,_034952584608,Master,0,0,1900-01-01,2075-12-31,,
_34952584608,,,,,,,,,,,,,,,Franchise,0,0,1900-01-01,2075-12-31,,
_34952584608,,,,,,,,,,,,,,,SSK Skoglund Oil Co,2,0,2019-04-09,2075-12-31,,
_34952584622,EILLIENS PINAPPL CHNKS,36000924,36000924,,,,a,601 02 000,Each,1,,,u,_034952584622,Master,0,0,1900-01-01,2075-12-31,,
_34952584622,,,,,,,,,,,,,,,Franchise,0,0,1900-01-01,2075-12-31,,
_34952584622,,,,,,,,,,,,,,,SSK Skoglund Oil Co,2,0,2019-04-09,2075-12-31,,
_34952586596,SUPER SNACKS SR GUMI BEAR 18z,32003411,32003411,,,,a,601 02B 000,Each,1,,,u,_034952586596,Master,0,0,1900-01-01,2075-12-31,,
_34952586596,,,,,,,,,,,,,,,Franchise,0,0,1900-01-01,2075-12-31,,
_34952586596,,,,,,,,,,,,,,,SSK Skoglund Oil Co,21.12,0,2019-04-09,2075-12-31,,
_34952586732,EIL CANDY ROLLS 16z,36000738,36000738,,,,a,601 02 000,Case,12,,,u,_034952586732,Master,0,0,1900-01-01,2075-12-31,,
_34952586732,,,,,,,,,,,,,,,Franchise,0,0,1900-01-01,2075-12-31,,
_34952586732,,,,,,,,,,,,,,,SSK Skoglund Oil Co,2.07,0,2019-04-09,2075-12-31,,
_34952586749,EILLIENS DUM DUMS,36000879,36000879,,,,a,601 02 000,Each,1,,,u,_034952586749,Master,0,0,1900-01-01,2075-12-31,,
_34952586749,,,,,,,,,,,,,,,Franchise,0,0,1900-01-01,2075-12-31,,
_34952586749,,,,,,,,,,,,,,,SSK Skoglund Oil Co,2,0,2019-04-09,2075-12-31,,
_34952587166,EILLIENS CHOCOLATE BIT-O-HONEY 10z,36000862,36000862,,,,a,601 02 000,Case,2,,,u,_034952587166,Master,0,0,1900-01-01,2075-12-31,,
_34952587166,,,,,,,,,,,,,,,Franchise,0,0,1900-01-01,2075-12-31,,
_34952587166,,,,,,,,,,,,,,,SSK Skoglund Oil Co,7.5,0,2019-04-09,2075-12-31,,
_34952587746,EILLIENS MINT BKING CHPS,NULL,,,,,a,Default,Each,1,,,u,_034952587746,Master,0,0,1900-01-01,2075-12-31,,
_34952587746,,,,,,,,,,,,,,,Franchise,0,0,1900-01-01,2075-12-31,,
_34952587746,,,,,,,,,,,,,,,SSK Skoglund Oil Co,2,0,2019-04-09,2075-12-31,,
_34952589276,EILLIENS SPICE DROPS 22z,36000941,36000941,,,,a,601 02 000,Case,12,,,u,_034952589276,Master,0,0,1900-01-01,2075-12-31,,
_34952589276,,,,,,,,,,,,,,,Franchise,0,0,1900-01-01,2075-12-31,,
_34952589276,,,,,,,,,,,,,,,SSK Skoglund Oil Co,1.45,0,2019-04-09,2075-12-31,,
_34952589306,EILLIENS GUM DROPS 22z,36000885,36000885,,,,a,601 02 000,Case,12,,,u,_034952589306,Master,0,0,1900-01-01,2075-12-31,,
_34952589306,,,,,,,,,,,,,,,Franchise,0,0,1900-01-01,2075-12-31,,
_34952589306,,,,,,,,,,,,,,,SSK Skoglund Oil Co,1.45,0,2019-04-09,2075-12-31,,
_34952589313,EILLIENS SPRMNT LEAVES 22z,36000942,36000942,,,,a,601 02 000,Case,12,,,u,_034952589313,Master,0,0,1900-01-01,2075-12-31,,
_34952589313,,,,,,,,,,,,,,,Franchise,0,0,1900-01-01,2075-12-31,,
_34952589313,,,,,,,,,,,,,,,SSK Skoglund Oil Co,1.45,0,2019-04-09,2075-12-31,,
_34952589375,EIL NON PAREILS 16z,36000788,36000788,,,,a,601 02 000,Case,12,,,u,_034952589375,Master,0,0,1900-01-01,2075-12-31,,
_34952589375,,,,,,,,,,,,,,,Franchise,0,0,1900-01-01,2075-12-31,,
_34952589375,,,,,,,,,,,,,,,SSK Skoglund Oil Co,2.85,0,2019-04-09,2075-12-31,,
_34952589771,EIL GUMMI BUTTERFLIES,36000770,36000770,,,,a,601 02 000,Case,12,,,u,_034952589771,Master,0,0,1900-01-01,2075-12-31,,
_34952589771,,,,,,,,,,,,,,,Franchise,0,0,1900-01-01,2075-12-31,,
_34952589771,,,,,,,,,,,,,,,SSK Skoglund Oil Co,1.68,0,2019-04-09,2075-12-31,,
_34952589788,EIL GUMMI ASSORTED FISH 16z,36000766,36000766,,,,a,601 02 000,Case,12,,,u,_034952589788,Master,0,0,1900-01-01,2075-12-31,,
_34952589788,,,,,,,,,,,,,,,Franchise,0,0,1900-01-01,2075-12-31,,
_34952589788,,,,,,,,,,,,,,,SSK Skoglund Oil Co,1.68,0,2019-04-09,2075-12-31,,
_34952589795,EIL GUMI BLOSSOM 16z,36000765,36000765,,,,a,601 02 000,Case,12,,,u,_034952589795,Master,0,0,1900-01-01,2075-12-31,,
_34952589795,,,,,,,,,,,,,,,Franchise,0,0,1900-01-01,2075-12-31,,
_34952589795,,,,,,,,,,,,,,,SSK Skoglund Oil Co,1.68,0,2019-04-09,2075-12-31,,
_501379,EIL CUPID HEARTS,36000757,36000757,,,,a,601 02 000,Case,2,,,u,_034952555530,Master,0,0,1900-01-01,2075-12-31,,
_501379,,,,,,,,,,,,,,,Franchise,0,0,1900-01-01,2075-12-31,,
_501379,,,,,,,,,,,,,,,SSK Skoglund Oil Co,1,0,2019-04-09,2075-12-31,,
_501429,EIL GUMMI HEARTS,36000771,36000771,,,,a,601 02 000,Case,2,,,u,_034952556001,Master,0,0,1900-01-01,2075-12-31,,
_501429,,,,,,,,,,,,,,,Franchise,0,0,1900-01-01,2075-12-31,,
_501429,,,,,,,,,,,,,,,SSK Skoglund Oil Co,0.85,0,2019-04-09,2075-12-31,,
_50229,EIL CHOCOLATE CORN 18z,36000746,36000746,,,,a,601 02 000,Case,2,,,u,_034952577112,Master,0,0,1900-01-01,2075-12-31,,
_50229,,,,,,,,,,,,,,,Franchise,0,0,1900-01-01,2075-12-31,,
_50229,,,,,,,,,,,,,,,SSK Skoglund Oil Co,9,0,2019-04-09,2075-12-31,,
_504639,EILLIENS CUPID HEARTS 15z,36000875,36000875,,,,a,601 02 000,Case,2,,,u,_034952577808,Master,0,0,1900-01-01,2075-12-31,,
_504639,,,,,,,,,,,,,,,Franchise,0,0,1900-01-01,2075-12-31,,
_504639,,,,,,,,,,,,,,,SSK Skoglund Oil Co,0.85,0,2019-04-09,2075-12-31,,
_504647,EILLIENS CONVERSATION HEARTS 15z,36000873,36000873,,,,a,601 02 000,Case,12,,,u,_034952577815,Master,0,0,1900-01-01,2075-12-31,,
_504647,,,,,,,,,,,,,,,Franchise,0,0,1900-01-01,2075-12-31,,
_504647,,,,,,,,,,,,,,,SSK Skoglund Oil Co,1.75,0,2019-04-09,2075-12-31,,
_504654,EILLIENS JUJU HEARTS 19z,36000898,36000898,,,,a,601 02 000,Case,2,,,u,_034952577822,Master,0,0,1900-01-01,2075-12-31,,
_504654,,,,,,,,,,,,,,,Franchise,0,0,1900-01-01,2075-12-31,,
_504654,,,,,,,,,,,,,,,SSK Skoglund Oil Co,9.9,0,2019-04-09,2075-12-31,,
_504696,CINNAMON JELLY HEARTS 28z,36000715,36000715,,,,a,601 02 000,Case,2,,,u,_034952558050,Master,0,0,1900-01-01,2075-12-31,,
_504696,,,,,,,,,,,,,,,Franchise,0,0,1900-01-01,2075-12-31,,
_504696,,,,,,,,,,,,,,,SSK Skoglund Oil Co,0.75,0,2019-04-09,2075-12-31,,
_504746,EILLIENS SPECKLED MALTIE EGGS 10z,36000940,36000940,,,,a,601 02 000,Case,2,,,u,_034952578874,Master,0,0,1900-01-01,2075-12-31,,
_504746,,,,,,,,,,,,,,,Franchise,0,0,1900-01-01,2075-12-31,,
_504746,,,,,,,,,,,,,,,SSK Skoglund Oil Co,10.2,0,2019-04-09,2075-12-31,,
_504753,EILLIENS JUMBO JELLY BEANS 14z,36000900,36000900,,,,a,601 02 000,Case,2,,,u,_034952578904,Master,0,0,1900-01-01,2075-12-31,,
_504753,,,,,,,,,,,,,,,Franchise,0,0,1900-01-01,2075-12-31,,
_504753,,,,,,,,,,,,,,,SSK Skoglund Oil Co,9,0,2019-04-09,2075-12-31,,
_504779,EILLIENS JELLY BIRD EGGS 20z,36000894,36000894,,,,a,601 02 000,Case,2,,,u,_034952578911,Master,0,0,1900-01-01,2075-12-31,,
_504779,,,,,,,,,,,,,,,Franchise,0,0,1900-01-01,2075-12-31,,
_504779,,,,,,,,,,,,,,,SSK Skoglund Oil Co,10.2,0,2019-04-09,2075-12-31,,
_504795,EILLIENS BLACK JELLY BIRD EGGS 20z,36000840,36000840,,,,a,601 02 000,Case,12,,,u,_034952578935,Master,0,0,1900-01-01,2075-12-31,,
_504795,,,,,,,,,,,,,,,Franchise,0,0,1900-01-01,2075-12-31,,
_504795,,,,,,,,,,,,,,,SSK Skoglund Oil Co,1.7,0,2019-04-09,2075-12-31,,
_504803,EILLIENS PEE WEE JELLY BIRD EGG 18z,36000922,36000922,,,,a,601 02 000,Case,12,,,u,_034952578942,Master,0,0,1900-01-01,2075-12-31,,
_504803,,,,,,,,,,,,,,,Franchise,0,0,1900-01-01,2075-12-31,,
_504803,,,,,,,,,,,,,,,SSK Skoglund Oil Co,1.7,0,2019-04-09,2075-12-31,,
_504902,EILLIENS CHOC MALTIE EGGS 10z,36000860,36000860,,,,a,601 02 000,Case,2,,,u,_034952578881,Master,0,0,1900-01-01,2075-12-31,,
_504902,,,,,,,,,,,,,,,Franchise,0,0,1900-01-01,2075-12-31,,
_504902,,,,,,,,,,,,,,,SSK Skoglund Oil Co,10.2,0,2019-04-09,2075-12-31,,
_504910,EILLIENS MINI SPECKLED EGG 10z,36000912,36000912,,,,a,601 02 000,Case,2,,,u,_034952578898,Master,0,0,1900-01-01,2075-12-31,,
_504910,,,,,,,,,,,,,,,Franchise,0,0,1900-01-01,2075-12-31,,
_504910,,,,,,,,,,,,,,,SSK Skoglund Oil Co,10.2,0,2019-04-09,2075-12-31,,
_505396,EILLIENS VALENTINE TAFFY 12z,36000949,36000949,,,,a,601 02 000,Case,12,,,u,_034952559453,Master,0,0,1900-01-01,2075-12-31,,
_505396,,,,,,,,,,,,,,,Franchise,0,0,1900-01-01,2075-12-31,,
_505396,,,,,,,,,,,,,,,SSK Skoglund Oil Co,1.7,0,2019-04-09,2075-12-31,,
_505404,GUMMI HEARTS 16z,36000966,36000966,,,,a,601 02 100,Case,2,,,u,_034952559460,Master,0,0,1900-01-01,2075-12-31,,
_505404,,,,,,,,,,,,,,,Franchise,0,0,1900-01-01,2075-12-31,,
_505404,,,,,,,,,,,,,,,SSK Skoglund Oil Co,0.75,0,2019-04-09,2075-12-31,,
_505412,EILLIENS VALENTINE POPS 15z,36000948,36000948,,,,a,601 02 000,Case,2,,,u,_034952559477,Master,0,0,1900-01-01,2075-12-31,,
_505412,,,,,,,,,,,,,,,Franchise,0,0,1900-01-01,2075-12-31,,
_505412,,,,,,,,,,,,,,,SSK Skoglund Oil Co,0.95,0,2019-04-09,2075-12-31,,
_505495,EIL HALLOWEEN TAFFY 11z,36000776,36000776,,,,a,601 02 000,Case,2,,,u,_034952559828,Master,0,0,1900-01-01,2075-12-31,,
_505495,,,,,,,,,,,,,,,Franchise,0,0,1900-01-01,2075-12-31,,
_505495,,,,,,,,,,,,,,,SSK Skoglund Oil Co,9,0,2019-04-09,2075-12-31,,
_505503,EIL KIDDIE TREATS 13z,36000782,36000782,,,,a,601 02 000,Case,2,,,u,_034952577075,Master,0,0,1900-01-01,2075-12-31,,
_505503,,,,,,,,,,,,,,,Franchise,0,0,1900-01-01,2075-12-31,,
_505503,,,,,,,,,,,,,,,SSK Skoglund Oil Co,9.6,0,2019-04-09,2075-12-31,,
_505511,CANDY ROLLS 14z,36000701,36000701,,,,a,601 02 000,Case,2,,,u,_034952559842,Master,0,0,1900-01-01,2075-12-31,,
_505511,,,,,,,,,,,,,,,Franchise,0,0,1900-01-01,2075-12-31,,
_505511,,,,,,,,,,,,,,,SSK Skoglund Oil Co,0.8,0,2019-04-09,2075-12-31,,
_505552,EIL DUM DUMS 10z,36000761,36000761,,,,a,601 02 000,Case,2,,,u,_034952559880,Master,0,0,1900-01-01,2075-12-31,,
_505552,,,,,,,,,,,,,,,Franchise,0,0,1900-01-01,2075-12-31,,
_505552,,,,,,,,,,,,,,,SSK Skoglund Oil Co,9.6,0,2019-04-09,2075-12-31,,
_505594,EIL BUBBLE GUM 16z,36000732,36000732,,,,a,601 02 000,Case,2,,,u,_034952559927,Master,0,0,1900-01-01,2075-12-31,,
_505594,,,,,,,,,,,,,,,Franchise,0,0,1900-01-01,2075-12-31,,
_505594,,,,,,,,,,,,,,,SSK Skoglund Oil Co,9.6,0,2019-04-09,2075-12-31,,
_505644,EIL DELUXE CARAMELS 14z,36000760,36000760,,,,a,601 02 000,Case,12,,,u,_034952559972,Master,0,0,1900-01-01,2075-12-31,,
_505644,,,,,,,,,,,,,,,Franchise,0,0,1900-01-01,2075-12-31,,
_505644,,,,,,,,,,,,,,,SSK Skoglund Oil Co,1.78,0,2019-04-09,2075-12-31,,
_505925,EILLIENS PASTEL CANDY CORN 18z,36000917,36000917,,,,a,601 02 000,Case,2,,,u,_034952578959,Master,0,0,1900-01-01,2075-12-31,,
_505925,,,,,,,,,,,,,,,Franchise,0,0,1900-01-01,2075-12-31,,
_505925,,,,,,,,,,,,,,,SSK Skoglund Oil Co,9,0,2019-04-09,2075-12-31,,
_505933,EILLIENS GUMMI RABBITS 14z,36000888,36000888,,,,a,601 02 000,Case,12,,,u,_034952560565,Master,0,0,1900-01-01,2075-12-31,,
_505933,,,,,,,,,,,,,,,Franchise,0,0,1900-01-01,2075-12-31,,
_505933,,,,,,,,,,,,,,,SSK Skoglund Oil Co,1.5,0,2019-04-09,2075-12-31,,
_506105,NECCO SWEETHEARTS,186477,186477,,,,a,601 02 910,Case,2,,,u,_011215326403,Master,0,0,1900-01-01,2075-12-31,,
_506105,,,,,,,,,,,,,,,Franchise,0,0,1900-01-01,2075-12-31,,
_506105,,,,,,,,,,,,,,,SSK Skoglund Oil Co,0.12,0,2019-04-09,2075-12-31,,
_506204,EIL BLOW POPS 10z,36000730,36000730,,,,a,601 02 000,Case,2,,,u,_034952561616,Master,0,0,1900-01-01,2075-12-31,,
_506204,,,,,,,,,,,,,,,Franchise,0,0,1900-01-01,2075-12-31,,
_506204,,,,,,,,,,,,,,,SSK Skoglund Oil Co,9,0,2019-04-09,2075-12-31,,
_506931,EILLIENS CHOC FOIL HEARTS 12z,36000858,36000858,,,,a,601 02 000,Case,12,,,u,_034952563108,Master,0,0,1900-01-01,2075-12-31,,
_506931,,,,,,,,,,,,,,,Franchise,0,0,1900-01-01,2075-12-31,,
_506931,,,,,,,,,,,,,,,SSK Skoglund Oil Co,1.8,0,2019-04-09,2075-12-31,,
_507020,EILLIENS BUNNYETTES 11z,36000846,36000846,,,,a,601 02 000,Case,2,,,u,_034952578997,Master,0,0,1900-01-01,2075-12-31,,
_507020,,,,,,,,,,,,,,,Franchise,0,0,1900-01-01,2075-12-31,,
_507020,,,,,,,,,,,,,,,SSK Skoglund Oil Co,10.2,0,2019-04-09,2075-12-31,,
_507038,EILLIENS EASTER CHOC ASST 11z,36000881,36000881,,,,a,601 02 000,Case,2,,,u,_034952579000,Master,0,0,1900-01-01,2075-12-31,,
_507038,,,,,,,,,,,,,,,Franchise,0,0,1900-01-01,2075-12-31,,
_507038,,,,,,,,,,,,,,,SSK Skoglund Oil Co,10.2,0,2019-04-09,2075-12-31,,
_507608,EIL HALOWEEN CHOC 26z,36000777,36000777,,,,a,601 02 000,Case,2,,,u,_034952565249,Master,0,0,1900-01-01,2075-12-31,,
_507608,,,,,,,,,,,,,,,Franchise,0,0,1900-01-01,2075-12-31,,
_507608,,,,,,,,,,,,,,,SSK Skoglund Oil Co,14.4,0,2019-04-09,2075-12-31,,
_509422,EIL DARK SPONGE CANDY 10z,36000759,36000759,,,,a,601 02 000,Case,2,,,u,_034952569278,Master,0,0,1900-01-01,2075-12-31,,
_509422,,,,,,,,,,,,,,,Franchise,0,0,1900-01-01,2075-12-31,,
_509422,,,,,,,,,,,,,,,SSK Skoglund Oil Co,14.4,0,2019-04-09,2075-12-31,,
_509612,EILLIENS SPECKLED JELLY BIRD EGGS 20z,36000939,36000939,,,,a,601 02 000,Case,2,,,u,_034952579017,Master,0,0,1900-01-01,2075-12-31,,
_509612,,,,,,,,,,,,,,,Franchise,0,0,1900-01-01,2075-12-31,,
_509612,,,,,,,,,,,,,,,SSK Skoglund Oil Co,9.6,0,2019-04-09,2075-12-31,,
_510206,EIL NOW LATER 12z,36000789,36000789,,,,a,601 02 000,Case,2,,,u,_034952575057,Master,0,0,1900-01-01,2075-12-31,,
_510206,,,,,,,,,,,,,,,Franchise,0,0,1900-01-01,2075-12-31,,
_510206,,,,,,,,,,,,,,,SSK Skoglund Oil Co,9,0,2019-04-09,2075-12-31,,
_510396,EILLIENS  SOUR JELLY EGGS 17z,36000828,36000828,,,,a,601 02 000,Case,2,,,u,_034952579031,Master,0,0,1900-01-01,2075-12-31,,
_510396,,,,,,,,,,,,,,,Franchise,0,0,1900-01-01,2075-12-31,,
_510396,,,,,,,,,,,,,,,SSK Skoglund Oil Co,9.3,0,2019-04-09,2075-12-31,,
_510891,EIL JU JU PUMPKINS 18z,36000781,36000781,,,,a,601 02 000,Case,2,,,u,_034952580150,Master,0,0,1900-01-01,2075-12-31,,
_510891,,,,,,,,,,,,,,,Franchise,0,0,1900-01-01,2075-12-31,,
_510891,,,,,,,,,,,,,,,SSK Skoglund Oil Co,9,0,2019-04-09,2075-12-31,,
_511428,EILLIENS CHOC COV CARAMELS,36000857,36000857,,,,a,601 02 000,Case,12,,,u,_034952583939,Master,0,0,1900-01-01,2075-12-31,,
_511428,,,,,,,,,,,,,,,Franchise,0,0,1900-01-01,2075-12-31,,
_511428,,,,,,,,,,,,,,,SSK Skoglund Oil Co,2.15,0,2019-04-09,2075-12-31,,
_972208,SUPER SNACKS TRAY HOLIDAY PARTY,36001125,36001125,,,,a,601 02 000,Case,2,,,u,_034952584707,Master,0,0,1900-01-01,2075-12-31,,
_972208,,,,,,,,,,,,,,,Franchise,0,0,1900-01-01,2075-12-31,,
_972208,,,,,,,,,,,,,,,SSK Skoglund Oil Co,15.65,0,2019-04-09,2075-12-31,,
_988485,SUPER SNACKS GUMMI PEACHES,32003403,32003403,,,,a,601 02 000,Case,12,,,u,_034952585315,Master,0,0,1900-01-01,2075-12-31,,
_988485,,,,,,,,,,,,,,,Franchise,0,0,1900-01-01,2075-12-31,,
_988485,,,,,,,,,,,,,,,SSK Skoglund Oil Co,21.12,0,2019-04-09,2075-12-31,,
_988493,SUPER SNACKS OLD FASH LICORICE,32003405,32003405,,,,a,601 02 000,Case,12,,,u,_034952585339,Master,0,0,1900-01-01,2075-12-31,,
_988493,,,,,,,,,,,,,,,Franchise,0,0,1900-01-01,2075-12-31,,
_988493,,,,,,,,,,,,,,,SSK Skoglund Oil Co,21.12,0,2019-04-09,2075-12-31,,
_988519,SUPER SNACKS SR GUMMI CRAWLER,32003402,32003402,,,,a,601 02 000,Case,12,,,u,_034952585308,Master,0,0,1900-01-01,2075-12-31,,
_988519,,,,,,,,,,,,,,,Franchise,0,0,1900-01-01,2075-12-31,,
_988519,,,,,,,,,,,,,,,SSK Skoglund Oil Co,21.12,0,2019-04-09,2075-12-31,,
_988535,SUPER SNACKS CHOC PEANUTS,36014223,36014223,,,,a,601 04 910,Case,12,,,u,_034952582154,Master,0,0,1900-01-01,2075-12-31,,
_988535,,,,,,,,,,,,,,,Franchise,0,0,1900-01-01,2075-12-31,,
_988535,,,,,,,,,,,,,,,SSK Skoglund Oil Co,20.58,0,2019-04-09,2075-12-31,,
