Supplier Name,F JEROMES - JEROMES,,,,,,,,,,,,,,,,,,,,
Supplier Xref,JEROMES,,,,,,,,,,,,,,,,,,,,
,,,,,,,,,,,,,,,,,,,,,
Product Code,Item Name,Xref Code,Linked Item Xref Code,Formula #1,Formula #2,Description,Status,Supplier Item Group,Supplier Package UOM,Package Qty,Availability Start Date,Availability End Date,Barcode Type,Barcode Number,Cost Level,Package Cost,Allowance,Start Date,End Date,,
_11024,MILLER LT 12PK 12z CN,13485,13485,,,,a,401 01 002,Case,2,,,u,_034100573027,Master,0,0,1900-01-01,2075-12-31,,
_11024,,,,,,,,,,,,,u,_034100576028,Franchise,0,0,1900-01-01,2075-12-31,,
_11024,,,,,,,,,,,,,u,_034100576363,MG Vets Oil Co,10.23,0,2019-04-09,2075-12-31,,
_11024,,,,,,,,,,,,,u,_341005763638,,,,,,,
_11025,MILLER LT 12PK 12z LN,75051,75051,,,,a,401 01 002,Case,24,,,u,_034100006891,Master,0,0,1900-01-01,2075-12-31,,
_11025,,,,,,,,,,,,,u,_034100575090,Franchise,0,0,1900-01-01,2075-12-31,,
_11025,,,,,,,,,,,,,,,MG Vets Oil Co,19.5,0,2019-07-02,2075-12-31,,
_11064,MILLER LT 24z CN,38387,38387,,,,a,401 01 002,Case,12,,,u,_034100003555,Master,0,0,1900-01-01,2075-12-31,,
_11064,,,,,,,,,,,,,u,_034100573461,Franchise,0,0,1900-01-01,2075-12-31,,
_11064,,,,,,,,,,,,,,,MG Vets Oil Co,1.86,0,2019-04-09,2075-12-31,,
_11065,MILLER LT 6PK 16z CN,13487,13487,,,,a,401 01 002,Case,24,,,u,_034100003579,Master,0,0,1900-01-01,2075-12-31,,
_11065,,,,,,,,,,,,,,,Franchise,0,0,1900-01-01,2075-12-31,,
_11065,,,,,,,,,,,,,,,MG Vets Oil Co,4.64,0,2019-04-09,2075-12-31,,
_11074,MILLER LT 6PK 12z LN,43591,43591,,,,a,401 01 002,Case,24,,,u,_034100000301,Master,0,0,1900-01-01,2075-12-31,,
_11074,,,,,,,,,,,,,u,_034100003623,Franchise,0,0,1900-01-01,2075-12-31,,
_11074,,,,,,,,,,,,,u,_034100572051,MG Vets Oil Co,5.88,0,2019-04-09,2075-12-31,,
_11074,,,,,,,,,,,,,u,_034100575052,,,,,,,
_11074,,,,,,,,,,,,,u,_034100925055,,,,,,,
_1610,CRUSH ORNG 20z NR,17578,17578,,,,a,901 04 000,Case,24,,,u,_041710217982,Master,0,0,1900-01-01,2075-12-31,,
_1610,,,,,,,,,,,,,u,_041710800016,Franchise,0,0,1900-01-01,2075-12-31,,
_1610,,,,,,,,,,,,,u,_041710891267,MG Vets Oil Co,1,0,2019-04-09,2075-12-31,,
_1610,,,,,,,,,,,,,u,_078000013283,,,,,,,
_1612,7UP 20z NR,13932,13932,,,,a,901 04 000,Case,24,,,u,_078000001617,Master,0,0,1900-01-01,2075-12-31,,
_1612,,,,,,,,,,,,,,,Franchise,0,0,1900-01-01,2075-12-31,,
_1612,,,,,,,,,,,,,,,MG Vets Oil Co,27,0,2019-06-08,2075-12-31,,
_1615,7UP DT 20z NR,21106,21106,,,,a,901 04 000,Case,24,,,u,_078000001624,Master,0,0,1900-01-01,2075-12-31,,
_1615,,,,,,,,,,,,,,,Franchise,0,0,1900-01-01,2075-12-31,,
_1615,,,,,,,,,,,,,,,MG Vets Oil Co,1.13,0,2019-04-09,2075-12-31,,
_1630,A W ROOT BR 20z NR,15543,15543,,,,a,901 04 000,Case,24,,,u,_078000052404,Master,0,0,1900-01-01,2075-12-31,,
_1630,,,,,,,,,,,,,,,Franchise,0,0,1900-01-01,2075-12-31,,
_1630,,,,,,,,,,,,,,,MG Vets Oil Co,1.13,0,2019-04-09,2075-12-31,,
_1632,A W ROOT BR DT 20z NR,36424,36424,,,,a,901 04 000,Case,24,,,u,_078000053401,Master,0,0,1900-01-01,2075-12-31,,
_1632,,,,,,,,,,,,,,,Franchise,0,0,1900-01-01,2075-12-31,,
_1632,,,,,,,,,,,,,,,MG Vets Oil Co,27,0,2019-07-02,2075-12-31,,
_1635,A W CRM SODA 20z NR,15600,15600,,,,a,901 04 000,Case,24,,,u,_078000054408,Master,0,0,1900-01-01,2075-12-31,,
_1635,,,,,,,,,,,,,,,Franchise,0,0,1900-01-01,2075-12-31,,
_1635,,,,,,,,,,,,,,,MG Vets Oil Co,27,0,2019-07-02,2075-12-31,,
_1645,WELCHS GRP 20z NR,15345,15345,,,,a,901 04 000,Case,24,,,u,_076860002522,Master,0,0,1900-01-01,2075-12-31,,
_1645,,,,,,,,,,,,,,,Franchise,0,0,1900-01-01,2075-12-31,,
_1645,,,,,,,,,,,,,,,MG Vets Oil Co,1.13,0,2019-04-09,2075-12-31,,
_1660,SUNDROP 20z NR,21840,21840,,,,a,901 04 000,Case,24,,,u,_041710717383,Master,0,0,1900-01-01,2075-12-31,,
_1660,,,,,,,,,,,,,,,Franchise,0,0,1900-01-01,2075-12-31,,
_1660,,,,,,,,,,,,,,,MG Vets Oil Co,1.13,0,2019-04-09,2075-12-31,,
_16983,REDDS APPLE SSL 6PK 12z LN,1077159,1077159,,,,a,401 01 004,Case,24,,,u,_034100989309,Master,0,0,1900-01-01,2075-12-31,,
_16983,,,,,,,,,,,,,,,Franchise,0,0,1900-01-01,2075-12-31,,
_16983,,,,,,,,,,,,,,,MG Vets Oil Co,6.75,0,2019-04-09,2075-12-31,,
_18834,DOS EQUIS LAGR 6PK 12z LN,58098,58098,,,,a,401 01 004,Case,24,,,u,_072311130127,Master,0,0,1900-01-01,2075-12-31,,
_18834,,,,,,,,,,,,,u,_072311630122,Franchise,0,0,1900-01-01,2075-12-31,,
_18834,,,,,,,,,,,,,,,MG Vets Oil Co,29.85,0,2019-06-05,2075-12-31,,
_19357,MIKES HARDER LIMTD EDIT 23.5z CN,1077436,1077436,,,,a,401 01 004,Case,12,,,u,_635985200321,Master,0,0,1900-01-01,2075-12-31,,
_19357,,,,,,,,,,,,,,,Franchise,0,0,1900-01-01,2075-12-31,,
_19357,,,,,,,,,,,,,,,MG Vets Oil Co,2.25,0,2019-04-09,2075-12-31,,
_19360,MIKES HARD B/CHY LMN 6PK 12zLN,158209,158209,,,,a,401 01 004,Case,24,,,u,_635985067443,Master,0,0,1900-01-01,2075-12-31,,
_19360,,,,,,,,,,,,,,,Franchise,0,0,1900-01-01,2075-12-31,,
_19360,,,,,,,,,,,,,,,MG Vets Oil Co,0,0,1900-01-01,2075-12-31,,
_19479,WHITE CLAW MANGO 6PK 12Z CN,1098290,1098290,,,,a,401 01 004,Case,24,,,u,_635985260875,Master,0,0,1900-01-01,2075-12-31,,
_19479,,,,,,,,,,,,,,,Franchise,0,0,1900-01-01,2075-12-31,,
_19479,,,,,,,,,,,,,,,MG Vets Oil Co,0,0,1900-01-01,2075-12-31,,
_19492,WHITE CLW BLK CHRY HRD 19.2Z CN,1086767,1086767,,,,a,401 01 004,Case,12,,,u,_635985260387,Master,0,0,1900-01-01,2075-12-31,,
_19492,,,,,,,,,,,,,,,Franchise,0,0,1900-01-01,2075-12-31,,
_19492,,,,,,,,,,,,,,,MG Vets Oil Co,2.08,0,2019-04-09,2075-12-31,,
_197,KEYSTONE LT 12PK 12z CN,13515,13515,,,,a,401 01 003,Case,2,,,u,_071990480042,Master,0,0,1900-01-01,2075-12-31,,
_197,,,,,,,,,,,,,u,_071990480059,Franchise,0,0,1900-01-01,2075-12-31,,
_197,,,,,,,,,,,,,,,MG Vets Oil Co,6.4,0,2019-04-09,2075-12-31,,
_1980,LIQUID ICE BLUE CN 16z,1124423,1124423,,,,a,601 13A 00,Case,12,,,u,_858159001009,Master,0,0,1900-01-01,2075-12-31,,
_1980,,,,,,,,,,,,,u,_858159001757,Franchise,0,0,1900-01-01,2075-12-31,,
_1980,,,,,,,,,,,,,,,MG Vets Oil Co,0,0,1900-01-01,2075-12-31,,
_201,MODELO ESPECIAL 12PK 12z CN,112344,112344,,,,a,401 01 004,Case,2,,,u,_080660957159,Master,0,0,1900-01-01,2075-12-31,,
_201,,,,,,,,,,,,,u,_080660957197,Franchise,0,0,1900-01-01,2075-12-31,,
_201,,,,,,,,,,,,,,,MG Vets Oil Co,9.6,0,2019-04-09,2075-12-31,,
_30020,TWISTED TEA 24z CN,178246,178246,,,,a,401 01 004,Case,12,,,u,_087692832317,Master,0,0,1900-01-01,2075-12-31,,
_30020,,,,,,,,,,,,,,,Franchise,0,0,1900-01-01,2075-12-31,,
_30020,,,,,,,,,,,,,,,MG Vets Oil Co,0,0,1900-01-01,2075-12-31,,
_3410000004,MILLER HL 6PK 12z CN,13479,13479,,,,a,401 01 003,Case,4,,,u,_034100000042,Master,0,0,1900-01-01,2075-12-31,,
_3410000004,,,,,,,,,,,,,,,Franchise,0,0,1900-01-01,2075-12-31,,
_3410000004,,,,,,,,,,,,,,,MG Vets Oil Co,3.5,0,2019-04-09,2075-12-31,,
_3410000021,MILLER HL 6PK 12z LN,13480,13480,,,,a,401 01 003,Case,4,,,u,_034100000219,Master,0,0,1900-01-01,2075-12-31,,
_3410000021,,,,,,,,,,,,,u,_034100015053,Franchise,0,0,1900-01-01,2075-12-31,,
_3410000021,,,,,,,,,,,,,,,MG Vets Oil Co,22.5,0,2019-04-09,2075-12-31,,
_3410000031,MILLER HL 32z LN,16798,16798,,,,a,401 01 003,Case,12,,,u,_034100000318,Master,0,0,1900-01-01,2075-12-31,,
_3410000031,,,,,,,,,,,,,u,_034100012311,Franchise,0,0,1900-01-01,2075-12-31,,
_3410000031,,,,,,,,,,,,,,,MG Vets Oil Co,1.61,0,2019-04-09,2075-12-31,,
_3410000154,MILW BEST 6PK 12z CN,13517,13517,,,,a,401 01 003,Case,4,,,u,_034100001544,Master,0,0,1900-01-01,2075-12-31,,
_3410000154,,,,,,,,,,,,,,,Franchise,0,0,1900-01-01,2075-12-31,,
_3410000154,,,,,,,,,,,,,,,MG Vets Oil Co,2.8,0,2019-04-09,2075-12-31,,
_3410000354,MILLER LT 6PK 12z CN,14094,14094,,,,a,401 01 002,Case,4,,,u,_034100003548,Master,0,0,1900-01-01,2075-12-31,,
_3410000354,,,,,,,,,,,,,,,Franchise,0,0,1900-01-01,2075-12-31,,
_3410000354,,,,,,,,,,,,,,,MG Vets Oil Co,24.68,0,2019-04-09,2075-12-31,,
_3410000554,MILLER GD 6PK 12z CN,13471,13471,,,,a,401 01 002,Case,2,,,u,_034100005542,Master,0,0,1900-01-01,2075-12-31,,
_3410000554,,,,,,,,,,,,,,,Franchise,0,0,1900-01-01,2075-12-31,,
_3410000554,,,,,,,,,,,,,,,MG Vets Oil Co,8.23,0,2019-04-09,2075-12-31,,
_3410000559,MILLER GD 40z LN,13473,13473,,,,a,401 01 002,Case,12,,,u,_034100005597,Master,0,0,1900-01-01,2075-12-31,,
_3410000559,,,,,,,,,,,,,,,Franchise,0,0,1900-01-01,2075-12-31,,
_3410000559,,,,,,,,,,,,,,,MG Vets Oil Co,2.08,0,2019-04-09,2075-12-31,,
_3410000562,MILLER GD 6PK 12z LN,13472,13472,,,,a,401 01 002,Case,4,,,u,_034100005627,Master,0,0,1900-01-01,2075-12-31,,
_3410000562,,,,,,,,,,,,,u,_034100172053,Franchise,0,0,1900-01-01,2075-12-31,,
_3410000562,,,,,,,,,,,,,u,_034100175054,MG Vets Oil Co,26.4,0,2019-04-09,2075-12-31,,
_3410000654,MILW BEST LT 6PK 12z CN,13520,13520,,,,a,401 01 003,Case,2,,,u,_034100006549,Master,0,0,1900-01-01,2075-12-31,,
_3410000654,,,,,,,,,,,,,,,Franchise,0,0,1900-01-01,2075-12-31,,
_3410000654,,,,,,,,,,,,,,,MG Vets Oil Co,5.6,0,2019-04-09,2075-12-31,,
_34100087166,REDDS APPLE ALE 6PK 12z LN,1052617,1052617,,,,a,401 01 004,Case,24,,,u,_034100087166,Master,0,0,1900-01-01,2075-12-31,,
_34100087166,,,,,,,,,,,,,,,Franchise,0,0,1900-01-01,2075-12-31,,
_34100087166,,,,,,,,,,,,,,,MG Vets Oil Co,27,0,2019-06-05,2075-12-31,,
_34100087302,REDDS PEACH ALE 6PK 12z LN,1054188,1054188,,,,a,401 01 004,Case,4,,,u,_034100087302,Master,0,0,1900-01-01,2075-12-31,,
_34100087302,,,,,,,,,,,,,,,Franchise,0,0,1900-01-01,2075-12-31,,
_34100087302,,,,,,,,,,,,,,,MG Vets Oil Co,38.4,0,2019-04-09,2075-12-31,,
_34100087463,REDDS BLUEBERRY 6PK 12z LN,1064593,1064593,,,,a,401 01 004,Case,4,,,u,_034100087463,Master,0,0,1900-01-01,2075-12-31,,
_34100087463,,,,,,,,,,,,,,,Franchise,0,0,1900-01-01,2075-12-31,,
_34100087463,,,,,,,,,,,,,,,MG Vets Oil Co,38.4,0,2019-04-09,2075-12-31,,
_3410017509,MILLER GD 12PK 12z LN,75052,75052,,,,a,401 01 002,Case,2,,,u,_034100175092,Master,0,0,1900-01-01,2075-12-31,,
_3410017509,,,,,,,,,,,,,,,Franchise,0,0,1900-01-01,2075-12-31,,
_3410017509,,,,,,,,,,,,,,,MG Vets Oil Co,8.4,0,2019-04-09,2075-12-31,,
_34100516055,LEINENK SSL SHANDY 6PK 12z LN,1052645,1052645,,,,a,401 01 004,Case,24,,,u,_034100516055,Master,0,0,1900-01-01,2075-12-31,,
_34100516055,,,,,,,,,,,,,,,Franchise,0,0,1900-01-01,2075-12-31,,
_34100516055,,,,,,,,,,,,,,,MG Vets Oil Co,6.4,0,2019-04-09,2075-12-31,,
_34100573409,MILLER LT 18PK 12z CN,39611,39611,,,,a,401 01 002,Case,18,,,u,_034100573409,Master,0,0,1900-01-01,2075-12-31,,
_34100573409,,,,,,,,,,,,,,,Franchise,0,0,1900-01-01,2075-12-31,,
_34100573409,,,,,,,,,,,,,,,MG Vets Oil Co,14.4,0,2019-04-09,2075-12-31,,
_34100989224,HENRYS HARD GINGER ALE 6PK 12z LN,1077156,1077156,,,,a,401 01 004,Case,4,,,u,_034100989224,Master,0,0,1900-01-01,2075-12-31,,
_34100989224,,,,,,,,,,,,,,,Franchise,0,0,1900-01-01,2075-12-31,,
_34100989224,,,,,,,,,,,,,,,MG Vets Oil Co,38.4,0,2019-04-09,2075-12-31,,
_40025,COORS BANQUET 12PK 12z LN,119681,119681,,,,a,401 01 002,Case,2,,,u,_071990100742,Master,0,0,1900-01-01,2075-12-31,,
_40025,,,,,,,,,,,,,,,Franchise,0,0,1900-01-01,2075-12-31,,
_40025,,,,,,,,,,,,,,,MG Vets Oil Co,9.8,0,2019-04-09,2075-12-31,,
_41018,COORS LT 18PK 12z CN,42440,42440,,,,a,401 01 002,Case,18,,,u,_071990300173,Master,0,0,1900-01-01,2075-12-31,,
_41018,,,,,,,,,,,,,,,Franchise,0,0,1900-01-01,2075-12-31,,
_41018,,,,,,,,,,,,,,,MG Vets Oil Co,14.4,0,2019-04-09,2075-12-31,,
_41019,COORS LT 18PK 12z LN,132437,132437,,,,a,401 01 002,Each,1,,,u,_071990300784,Master,0,0,1900-01-01,2075-12-31,,
_41019,,,,,,,,,,,,,,,Franchise,0,0,1900-01-01,2075-12-31,,
_41019,,,,,,,,,,,,,,,MG Vets Oil Co,13.75,0,2019-04-09,2075-12-31,,
_41024,COORS LT 12PK 12z CN,14115,14115,,,,a,401 01 002,Case,2,,,u,_071990000486,Master,0,0,1900-01-01,2075-12-31,,
_41024,,,,,,,,,,,,,,,Franchise,0,0,1900-01-01,2075-12-31,,
_41024,,,,,,,,,,,,,,,MG Vets Oil Co,19.5,0,2019-04-09,2075-12-31,,
_41025,COORS LT 12PK 12z LN,119734,119734,,,,a,401 01 002,Case,24,,,u,_071990300692,Master,0,0,1900-01-01,2075-12-31,,
_41025,,,,,,,,,,,,,u,_071990300708,Franchise,0,0,1900-01-01,2075-12-31,,
_41025,,,,,,,,,,,,,,,MG Vets Oil Co,19.5,0,2019-06-05,2075-12-31,,
_41066,COORS LT 6PK 16z CN,18505,18505,,,,a,401 01 002,Case,24,,,u,_071990320003,Master,0,0,1900-01-01,2075-12-31,,
_41066,,,,,,,,,,,,,,,Franchise,0,0,1900-01-01,2075-12-31,,
_41066,,,,,,,,,,,,,,,MG Vets Oil Co,19.8,0,2019-06-05,2075-12-31,,
_46030,KEYSTONE LT 30PK 12z CN,81888,81888,,,,a,401 01 003,Case,30,,,u,_071990480196,Master,0,0,1900-01-01,2075-12-31,,
_46030,,,,,,,,,,,,,,,Franchise,0,0,1900-01-01,2075-12-31,,
_46030,,,,,,,,,,,,,,,MG Vets Oil Co,15.5,0,2019-04-09,2075-12-31,,
_491,COORS LT 24z CN,65153,65153,,,,a,401 01 002,Case,12,,,u,_071990300654,Master,0,0,1900-01-01,2075-12-31,,
_491,,,,,,,,,,,,,u,_071990300661,Franchise,0,0,1900-01-01,2075-12-31,,
_491,,,,,,,,,,,,,,,MG Vets Oil Co,1.68,0,2019-04-09,2075-12-31,,
_635985180029,PALM BREEZE STRWBRY PNAP 6PK 12z CN,32002232,32002232,,,,a,401 01 004,Case,4,,,u,_635985180029,Master,0,0,1900-01-01,2075-12-31,,
_635985180029,,,,,,,,,,,,,,,Franchise,0,0,1900-01-01,2075-12-31,,
_635985180029,,,,,,,,,,,,,,,MG Vets Oil Co,42.75,0,2019-04-09,2075-12-31,,
_635985260073,PALM BREEZE PNAP MND ORG 6PK 12z CN,32002247,32002247,,,,a,401 01 004,Case,24,,,u,_635985260073,Master,0,0,1900-01-01,2075-12-31,,
_635985260073,,,,,,,,,,,,,,,Franchise,0,0,1900-01-01,2075-12-31,,
_635985260073,,,,,,,,,,,,,,,MG Vets Oil Co,7.13,0,2019-04-09,2075-12-31,,
_635985606116,MIKES HARD CRAN LMND 6PK 12z LN,137764,137764,,,,a,401 01 004,Case,24,,,u,_635985604129,Master,0,0,1900-01-01,2075-12-31,,
_635985606116,,,,,,,,,,,,,u,_635985606116,Franchise,0,0,1900-01-01,2075-12-31,,
_635985606116,,,,,,,,,,,,,,,MG Vets Oil Co,28.5,0,2019-07-30,2075-12-31,,
_71990300050,COORS LT 6PK 12z LN,13465,13465,,,,a,401 01 002,Case,24,,,u,_071990000004,Master,0,0,1900-01-01,2075-12-31,,
_71990300050,,,,,,,,,,,,,u,_071990300050,Franchise,0,0,1900-01-01,2075-12-31,,
_71990300050,,,,,,,,,,,,,u,_071990300067,MG Vets Oil Co,5.36,0,2019-04-09,2075-12-31,,
_7289000001,HEINEKEN 6PK 12z LN,15260,15260,,,,a,401 01 004,Case,24,,,u,_072890000019,Master,0,0,1900-01-01,2075-12-31,,
_7289000001,,,,,,,,,,,,,u,_072890000118,Franchise,0,0,1900-01-01,2075-12-31,,
_7289000001,,,,,,,,,,,,,u,_072890000217,MG Vets Oil Co,6.19,0,2019-04-09,2075-12-31,,
_7289000001,,,,,,,,,,,,,u,_728900002176,,,,,,,
_7289000074,HEINEKEN NR 24z,35000078,35000078,,,,a,401 01 004,Case,12,,,u,_009487000077,Master,0,0,1900-01-01,2075-12-31,,
_7289000074,,,,,,,,,,,,,,,Franchise,0,0,1900-01-01,2075-12-31,,
_7289000074,,,,,,,,,,,,,,,MG Vets Oil Co,2,0,2019-04-09,2075-12-31,,
_7525000328,STEEL RESERVE 24z CN,93560,93560,,,,a,401 01 003,Case,12,,,u,_075250003286,Master,0,0,1900-01-01,2075-12-31,,
_7525000328,,,,,,,,,,,,,u,_078250003287,Franchise,0,0,1900-01-01,2075-12-31,,
_7525000328,,,,,,,,,,,,,u,_078250003294,MG Vets Oil Co,0.95,0,2019-04-09,2075-12-31,,
_8200072724,SMIRNOFF ICE 6PK 12z LN,109516,109516,,,,a,401 01 004,Case,4,,,u,_082000723844,Master,0,0,1900-01-01,2075-12-31,,
_8200072724,,,,,,,,,,,,,u,_082000723851,Franchise,0,0,1900-01-01,2075-12-31,,
_8200072724,,,,,,,,,,,,,u,_082000727248,MG Vets Oil Co,36.9,0,2019-04-09,2075-12-31,,
_8200072724,,,,,,,,,,,,,u,_082000727354,,,,,,,
_8200072727,SMIRNOFF TRPL BLK 6PK 11.2z LN,36000182,36000182,,,,a,401 01 004,Case,4,,,u,_082000727279,Master,0,0,1900-01-01,2075-12-31,,
_8200072727,,,,,,,,,,,,,,,Franchise,0,0,1900-01-01,2075-12-31,,
_8200072727,,,,,,,,,,,,,,,MG Vets Oil Co,36.9,0,2019-04-09,2075-12-31,,
_8200072747,SMIRNOFF GRN APL 6PK 11.2z LN,36000180,36000180,,,,a,401 03 001,Case,4,,,u,_082000727477,Master,0,0,1900-01-01,2075-12-31,,
_8200072747,,,,,,,,,,,,,,,Franchise,0,0,1900-01-01,2075-12-31,,
_8200072747,,,,,,,,,,,,,,,MG Vets Oil Co,36.9,0,2019-04-09,2075-12-31,,
_8200074000,SMIRNOFF STRWB 6PK 11.2z LN,36000181,36000181,,,,a,401 01 004,Case,4,,,u,_082000740001,Master,0,0,1900-01-01,2075-12-31,,
_8200074000,,,,,,,,,,,,,,,Franchise,0,0,1900-01-01,2075-12-31,,
_8200074000,,,,,,,,,,,,,,,MG Vets Oil Co,36.9,0,2019-04-09,2075-12-31,,
_858159001207,LIQUID ICE BLUE 12Z,36008955,36008955,,,,a,601 13A 000,Case,24,,,u,_858159001207,Master,0,0,1900-01-01,2075-12-31,,
_858159001207,,,,,,,,,,,,,,,Franchise,0,0,1900-01-01,2075-12-31,,
_858159001207,,,,,,,,,,,,,,,MG Vets Oil Co,1.42,0,2019-04-09,2075-12-31,,
_858159001399,LIQUID ICE RED 12Z,36008958,36008958,,,,a,601 13A 000,Case,24,,,u,_858159001399,Master,0,0,1900-01-01,2075-12-31,,
_858159001399,,,,,,,,,,,,,,,Franchise,0,0,1900-01-01,2075-12-31,,
_858159001399,,,,,,,,,,,,,,,MG Vets Oil Co,1.42,0,2019-04-09,2075-12-31,,
_858159001511,LIQUID ICE ZERO 12Z,36008962,36008962,,,,a,601 13A 000,Case,24,,,u,_858159001511,Master,0,0,1900-01-01,2075-12-31,,
_858159001511,,,,,,,,,,,,,,,Franchise,0,0,1900-01-01,2075-12-31,,
_858159001511,,,,,,,,,,,,,,,MG Vets Oil Co,1.42,0,2019-04-09,2075-12-31,,
_858159001658,LIQUID ICE ORNG 12Z,36008957,36008957,,,,a,601 13A 000,Case,24,,,u,_858159001658,Master,0,0,1900-01-01,2075-12-31,,
_858159001658,,,,,,,,,,,,,,,Franchise,0,0,1900-01-01,2075-12-31,,
_858159001658,,,,,,,,,,,,,,,MG Vets Oil Co,1.42,0,2019-04-09,2075-12-31,,
_88067081002,GRAIN BELT PREMIUM 6PK 12z LN,32001858,32001858,,,,a,401 01 004,Case,4,,,u,_088067081002,Master,0,0,1900-01-01,2075-12-31,,
_88067081002,,,,,,,,,,,,,,,Franchise,0,0,1900-01-01,2075-12-31,,
_88067081002,,,,,,,,,,,,,,,MG Vets Oil Co,29.85,0,2019-04-09,2075-12-31,,
_90,CORONA EXTRA 6PK 12z LN,14809,14809,,,,a,401 01 004,Case,24,,,u,_080660000015,Master,0,0,1900-01-01,2075-12-31,,
_90,,,,,,,,,,,,,u,_080660956053,Franchise,0,0,1900-01-01,2075-12-31,,
_90,,,,,,,,,,,,,,,MG Vets Oil Co,6,0,2019-04-09,2075-12-31,,
_92,CORONA EXTRA 12PK 12z LN,43252,43252,,,,a,401 01 004,Case,2,,,u,_080660956152,Master,0,0,1900-01-01,2075-12-31,,
_92,,,,,,,,,,,,,,,Franchise,0,0,1900-01-01,2075-12-31,,
_92,,,,,,,,,,,,,,,MG Vets Oil Co,11.23,0,2019-04-09,2075-12-31,,
_98,CORONA EXTRA 24z LN,93991,93991,,,,a,401 01 004,Case,12,,,u,_080660956411,Master,0,0,1900-01-01,2075-12-31,,
_98,,,,,,,,,,,,,,,Franchise,0,0,1900-01-01,2075-12-31,,
_98,,,,,,,,,,,,,,,MG Vets Oil Co,2.04,0,2019-04-09,2075-12-31,,
