Supplier Name,F NEBOLGHT - NEBO LIGHTS,,,,,,,,,,,,,,,,,,,,
Supplier Xref,NEBOLGHT,,,,,,,,,,,,,,,,,,,,
,,,,,,,,,,,,,,,,,,,,,
Product Code,Item Name,Xref Code,Linked Item Xref Code,Formula #1,Formula #2,Description,Status,Supplier Item Group,Supplier Package UOM,Package Qty,Availability Start Date,Availability End Date,Barcode Type,Barcode Number,Cost Level,Package Cost,Allowance,Start Date,End Date,,
_44435917779,OLD RED LANTERNS,NULL,,,,,a,Default,Each,1,,,u,_044435917779,Master,0,0,1900-01-01,2075-12-31,,
_44435917779,,,,,,,,,,,,,,,Franchise,0,0,1900-01-01,2075-12-31,,
_44435917779,,,,,,,,,,,,,,,AA Amys Mini Mart,0,0,2019-04-09,2075-12-31,,
_44435917779,,,,,,,,,,,,,,,CH Hollco Inc,0,0,2019-04-09,2075-12-31,,
_44435917779,,,,,,,,,,,,,,,CS Schulte Enterprises Inc,0,0,2019-04-09,2075-12-31,,
_44435917779,,,,,,,,,,,,,,,DH Hasbrouck of Rosemount Inc,0,0,2019-04-09,2075-12-31,,
_44435917779,,,,,,,,,,,,,,,DM Cambridge Petroleum Inc,0,0,2019-04-09,2075-12-31,,
_44435917779,,,,,,,,,,,,,,,DO Hasty Truck Stop Inc,0,0,2019-04-09,2075-12-31,,
_44435917779,,,,,,,,,,,,,,,DO Olson Convenience Store Inc,0,0,2019-04-09,2075-12-31,,
_44435917779,,,,,,,,,,,,,,,DO Truckers Inn Inc,0,0,2019-04-09,2075-12-31,,
_44435917779,,,,,,,,,,,,,,,DT Supermen LLC,0,0,2019-04-09,2075-12-31,,
_44435917779,,,,,,,,,,,,,,,EH Dana Marathon,0,0,2019-04-09,2075-12-31,,
_44435917779,,,,,,,,,,,,,,,ES Chanhassen Stop LLC (Eliasco),0,0,2019-04-09,2075-12-31,,
_44435917779,,,,,,,,,,,,,,,ES Eliasco Inc,0,0,2019-04-09,2075-12-31,,
_44435917779,,,,,,,,,,,,,,,GH Buy Rite,0,0,2019-04-09,2075-12-31,,
_44435917779,,,,,,,,,,,,,,,HB Local Oil Distributing Inc,0,0,2019-04-09,2075-12-31,,
_44435917779,,,,,,,,,,,,,,,JC Cattoor Oil Inc,0,0,2019-04-09,2075-12-31,,
_44435917779,,,,,,,,,,,,,,,JD River Country Coop,0,0,2019-04-09,2075-12-31,,
_44435917779,,,,,,,,,,,,,,,KA E and K,0,0,2019-04-09,2075-12-31,,
_44435917779,,,,,,,,,,,,,,,MG Vets Oil Co,0,0,2019-04-09,2075-12-31,,
_44435917779,,,,,,,,,,,,,,,MK Minnesota Corp Inc,0,0,2019-04-09,2075-12-31,,
_44435917779,,,,,,,,,,,,,,,MK Viking Oil Corp Inc,0,0,2019-04-09,2075-12-31,,
_44435917779,,,,,,,,,,,,,,,MM Federated Coop Inc,0,0,2019-04-09,2075-12-31,,
_44435917779,,,,,,,,,,,,,,,MZ United Petroleum Inc,0,0,2019-04-09,2075-12-31,,
_44435917779,,,,,,,,,,,,,,,NA Cannon Falls Oil,0,0,2019-04-09,2075-12-31,,
_44435917779,,,,,,,,,,,,,,,PW Wenner Companies Inc,0,0,2019-04-09,2075-12-31,,
_44435917779,,,,,,,,,,,,,,,RD Dooleys Petroleum Inc,0,0,2019-04-09,2075-12-31,,
_44435917779,,,,,,,,,,,,,,,RK Kary Smith Inc,11,0,2019-04-09,2075-12-31,,
_44435917779,,,,,,,,,,,,,,,RO Truckers Inn/Stop and Go,0,0,2019-04-09,2075-12-31,,
_44435917779,,,,,,,,,,,,,,,RR Brooklyn Center Service Inc,0,0,2019-04-09,2075-12-31,,
_44435917779,,,,,,,,,,,,,,,SB HK Corporation,0,0,2019-04-09,2075-12-31,,
_44435917779,,,,,,,,,,,,,,,SD Kath Fuel Oil Service Co,0,0,2019-04-09,2075-12-31,,
_44435917779,,,,,,,,,,,,,,,SSK Skoglund Oil Co,0,0,2019-04-09,2075-12-31,,
_44435917779,,,,,,,,,,,,,,,TB Erickson Oil Products,0,0,2019-04-09,2075-12-31,,
_44435917779,,,,,,,,,,,,,,,TD Donner Service Inc,0,0,2019-04-09,2075-12-31,,
_44435917779,,,,,,,,,,,,,,,TH Cardinal Enterprises,0,0,2019-04-09,2075-12-31,,
_44435917779,,,,,,,,,,,,,,,VK Resources LLC,0,0,2019-04-09,2075-12-31,,
_44435917779,,,,,,,,,,,,,,,YA Joes SA,0,0,2019-04-09,2075-12-31,,
_645397931225,NEBO FLIPIT,NULL,,,,,a,Default,Each,1,,,u,_645397931225,Master,0,0,1900-01-01,2075-12-31,,
_645397931225,,,,,,,,,,,,,,,Franchise,0,0,1900-01-01,2075-12-31,,
_645397931225,,,,,,,,,,,,,,,AA Amys Mini Mart,0,0,2019-04-09,2075-12-31,,
_645397931225,,,,,,,,,,,,,,,CH Hollco Inc,0,0,2019-04-09,2075-12-31,,
_645397931225,,,,,,,,,,,,,,,CS Schulte Enterprises Inc,0,0,2019-04-09,2075-12-31,,
_645397931225,,,,,,,,,,,,,,,DH Hasbrouck of Rosemount Inc,0,0,2019-04-09,2075-12-31,,
_645397931225,,,,,,,,,,,,,,,DM Cambridge Petroleum Inc,0,0,2019-04-09,2075-12-31,,
_645397931225,,,,,,,,,,,,,,,DO Hasty Truck Stop Inc,0,0,2019-04-09,2075-12-31,,
_645397931225,,,,,,,,,,,,,,,DO Olson Convenience Store Inc,0,0,2019-04-09,2075-12-31,,
_645397931225,,,,,,,,,,,,,,,DO Truckers Inn Inc,0,0,2019-04-09,2075-12-31,,
_645397931225,,,,,,,,,,,,,,,DT Supermen LLC,0,0,2019-04-09,2075-12-31,,
_645397931225,,,,,,,,,,,,,,,EH Dana Marathon,0,0,2019-04-09,2075-12-31,,
_645397931225,,,,,,,,,,,,,,,ES Chanhassen Stop LLC (Eliasco),0,0,2019-04-09,2075-12-31,,
_645397931225,,,,,,,,,,,,,,,ES Eliasco Inc,0,0,2019-04-09,2075-12-31,,
_645397931225,,,,,,,,,,,,,,,GH Buy Rite,0,0,2019-04-09,2075-12-31,,
_645397931225,,,,,,,,,,,,,,,HB Local Oil Distributing Inc,0,0,2019-04-09,2075-12-31,,
_645397931225,,,,,,,,,,,,,,,JC Cattoor Oil Inc,0,0,2019-04-09,2075-12-31,,
_645397931225,,,,,,,,,,,,,,,JD River Country Coop,0,0,2019-04-09,2075-12-31,,
_645397931225,,,,,,,,,,,,,,,KA E and K,0,0,2019-04-09,2075-12-31,,
_645397931225,,,,,,,,,,,,,,,MG Vets Oil Co,0,0,2019-04-09,2075-12-31,,
_645397931225,,,,,,,,,,,,,,,MK Minnesota Corp Inc,0,0,2019-04-09,2075-12-31,,
_645397931225,,,,,,,,,,,,,,,MK Viking Oil Corp Inc,0,0,2019-04-09,2075-12-31,,
_645397931225,,,,,,,,,,,,,,,MM Federated Coop Inc,0,0,2019-04-09,2075-12-31,,
_645397931225,,,,,,,,,,,,,,,MZ United Petroleum Inc,0,0,2019-04-09,2075-12-31,,
_645397931225,,,,,,,,,,,,,,,NA Cannon Falls Oil,0,0,2019-04-09,2075-12-31,,
_645397931225,,,,,,,,,,,,,,,PW Wenner Companies Inc,0,0,2019-04-09,2075-12-31,,
_645397931225,,,,,,,,,,,,,,,RD Dooleys Petroleum Inc,0,0,2019-04-09,2075-12-31,,
_645397931225,,,,,,,,,,,,,,,RK Kary Smith Inc,7.95,0,2019-04-09,2075-12-31,,
_645397931225,,,,,,,,,,,,,,,RO Truckers Inn/Stop and Go,0,0,2019-04-09,2075-12-31,,
_645397931225,,,,,,,,,,,,,,,RR Brooklyn Center Service Inc,0,0,2019-04-09,2075-12-31,,
_645397931225,,,,,,,,,,,,,,,SB HK Corporation,0,0,2019-04-09,2075-12-31,,
_645397931225,,,,,,,,,,,,,,,SD Kath Fuel Oil Service Co,0,0,2019-04-09,2075-12-31,,
_645397931225,,,,,,,,,,,,,,,SSK Skoglund Oil Co,0,0,2019-04-09,2075-12-31,,
_645397931225,,,,,,,,,,,,,,,TB Erickson Oil Products,0,0,2019-04-09,2075-12-31,,
_645397931225,,,,,,,,,,,,,,,TD Donner Service Inc,0,0,2019-04-09,2075-12-31,,
_645397931225,,,,,,,,,,,,,,,TH Cardinal Enterprises,0,0,2019-04-09,2075-12-31,,
_645397931225,,,,,,,,,,,,,,,VK Resources LLC,0,0,2019-04-09,2075-12-31,,
_645397931225,,,,,,,,,,,,,,,YA Joes SA,0,0,2019-04-09,2075-12-31,,
_645397931539,CONTEMPORARY FLIPIT,NULL,,,,,a,Default,Each,1,,,u,_645397931539,Master,0,0,1900-01-01,2075-12-31,,
_645397931539,,,,,,,,,,,,,,,Franchise,0,0,1900-01-01,2075-12-31,,
_645397931539,,,,,,,,,,,,,,,AA Amys Mini Mart,0,0,2019-04-09,2075-12-31,,
_645397931539,,,,,,,,,,,,,,,CH Hollco Inc,0,0,2019-04-09,2075-12-31,,
_645397931539,,,,,,,,,,,,,,,CS Schulte Enterprises Inc,0,0,2019-04-09,2075-12-31,,
_645397931539,,,,,,,,,,,,,,,DH Hasbrouck of Rosemount Inc,0,0,2019-04-09,2075-12-31,,
_645397931539,,,,,,,,,,,,,,,DM Cambridge Petroleum Inc,0,0,2019-04-09,2075-12-31,,
_645397931539,,,,,,,,,,,,,,,DO Hasty Truck Stop Inc,0,0,2019-04-09,2075-12-31,,
_645397931539,,,,,,,,,,,,,,,DO Olson Convenience Store Inc,0,0,2019-04-09,2075-12-31,,
_645397931539,,,,,,,,,,,,,,,DO Truckers Inn Inc,0,0,2019-04-09,2075-12-31,,
_645397931539,,,,,,,,,,,,,,,DT Supermen LLC,0,0,2019-04-09,2075-12-31,,
_645397931539,,,,,,,,,,,,,,,EH Dana Marathon,0,0,2019-04-09,2075-12-31,,
_645397931539,,,,,,,,,,,,,,,ES Chanhassen Stop LLC (Eliasco),0,0,2019-04-09,2075-12-31,,
_645397931539,,,,,,,,,,,,,,,ES Eliasco Inc,0,0,2019-04-09,2075-12-31,,
_645397931539,,,,,,,,,,,,,,,GH Buy Rite,0,0,2019-04-09,2075-12-31,,
_645397931539,,,,,,,,,,,,,,,HB Local Oil Distributing Inc,0,0,2019-04-09,2075-12-31,,
_645397931539,,,,,,,,,,,,,,,JC Cattoor Oil Inc,0,0,2019-04-09,2075-12-31,,
_645397931539,,,,,,,,,,,,,,,JD River Country Coop,0,0,2019-04-09,2075-12-31,,
_645397931539,,,,,,,,,,,,,,,KA E and K,0,0,2019-04-09,2075-12-31,,
_645397931539,,,,,,,,,,,,,,,MG Vets Oil Co,0,0,2019-04-09,2075-12-31,,
_645397931539,,,,,,,,,,,,,,,MK Minnesota Corp Inc,0,0,2019-04-09,2075-12-31,,
_645397931539,,,,,,,,,,,,,,,MK Viking Oil Corp Inc,0,0,2019-04-09,2075-12-31,,
_645397931539,,,,,,,,,,,,,,,MM Federated Coop Inc,0,0,2019-04-09,2075-12-31,,
_645397931539,,,,,,,,,,,,,,,MZ United Petroleum Inc,0,0,2019-04-09,2075-12-31,,
_645397931539,,,,,,,,,,,,,,,NA Cannon Falls Oil,0,0,2019-04-09,2075-12-31,,
_645397931539,,,,,,,,,,,,,,,PW Wenner Companies Inc,0,0,2019-04-09,2075-12-31,,
_645397931539,,,,,,,,,,,,,,,RD Dooleys Petroleum Inc,0,0,2019-04-09,2075-12-31,,
_645397931539,,,,,,,,,,,,,,,RK Kary Smith Inc,7.95,0,2019-04-09,2075-12-31,,
_645397931539,,,,,,,,,,,,,,,RO Truckers Inn/Stop and Go,0,0,2019-04-09,2075-12-31,,
_645397931539,,,,,,,,,,,,,,,RR Brooklyn Center Service Inc,0,0,2019-04-09,2075-12-31,,
_645397931539,,,,,,,,,,,,,,,SB HK Corporation,0,0,2019-04-09,2075-12-31,,
_645397931539,,,,,,,,,,,,,,,SD Kath Fuel Oil Service Co,0,0,2019-04-09,2075-12-31,,
_645397931539,,,,,,,,,,,,,,,SSK Skoglund Oil Co,0,0,2019-04-09,2075-12-31,,
_645397931539,,,,,,,,,,,,,,,TB Erickson Oil Products,0,0,2019-04-09,2075-12-31,,
_645397931539,,,,,,,,,,,,,,,TD Donner Service Inc,0,0,2019-04-09,2075-12-31,,
_645397931539,,,,,,,,,,,,,,,TH Cardinal Enterprises,0,0,2019-04-09,2075-12-31,,
_645397931539,,,,,,,,,,,,,,,VK Resources LLC,0,0,2019-04-09,2075-12-31,,
_645397931539,,,,,,,,,,,,,,,YA Joes SA,0,0,2019-04-09,2075-12-31,,
